time,open,close,high,low,volume,money,cgpc,cgpc_avg5,cumsumpc
2019/1/2,5.79,5.67,5.79,5.65,148390109,846903977.5,0,0.015060217,1
2019/1/3,5.67,5.74,5.88,5.67,221864703,1284108254,0.012345679,0.014732348,1.012345679
2019/1/4,5.66,6.12,6.21,5.65,433892617,2594592233,0.066202091,0.00897914,1.079365079
2019/1/7,6.08,6.14,6.19,6.04,306247885,1874855000,0.003267974,-0.001924049,1.082892416
2019/1/8,6.09,6.1,6.17,6.05,180451492,1103616795,-0.006514658,-0.004557842,1.075837743
2019/1/9,6.12,6.09,6.28,6.09,276077764,1707299818,-0.001639344,0.004078423,1.074074074
2019/1/10,6.06,5.99,6.11,5.98,172054086,1038844148,-0.016420361,0.001833945,1.05643739
2019/1/11,6.01,6.06,6.09,5.99,122097367,737806911.9,0.011686144,0.001860688,1.068783069
2019/1/14,6.1,6,6.12,5.97,110430557,664850553.3,-0.00990099,0.003496969,1.058201058
2019/1/15,5.98,6.22,6.23,5.98,273231773,1676311496,0.036666667,0.005477167,1.097001764
2019/1/16,6.22,6.14,6.25,6.12,183935256,1135979872,-0.012861736,-0.003804218,1.082892416
2019/1/17,6.15,6.04,6.15,6.04,144688635,880567532.3,-0.016286645,-0.000904002,1.065255732
2019/1/18,6.07,6.16,6.17,6.05,180478565,1105470059,0.01986755,0.004971985,1.086419753
2019/1/21,6.18,6.16,6.28,6.14,199017641,1234919129,0,0.000998475,1.086419753
2019/1/22,6.15,6.1,6.18,6.08,115966952,709826942.4,-0.00974026,0.000352271,1.075837743
2019/1/23,6.1,6.11,6.14,6.07,76479138,466451943.8,0.001639344,-0.001265317,1.077601411
2019/1/24,6.12,6.19,6.28,6.09,212902578,1320147480,0.01309329,-0.004893516,1.091710758
2019/1/25,6.19,6.19,6.29,6.15,213215648,1325387978,0,-0.000800764,1.091710758
2019/1/28,6.27,6.17,6.31,6.14,200651013,1248620947,-0.003231018,0.005692742,1.088183422
2019/1/29,6.13,6.06,6.14,5.99,198189508,1200195770,-0.017828201,0.009798065,1.068783069
2019/1/30,6.03,5.96,6.1,5.96,138965763,837866847.4,-0.01650165,0.01181811,1.051146384
2019/1/31,6.02,6.16,6.23,6,256588351,1570832174,0.033557047,0.023529655,1.086419753
2019/2/1,6.22,6.36,6.37,6.2,317944147,1999470390,0.032467532,0.015323478,1.121693122
2019/2/11,6.36,6.47,6.48,6.32,299357997,1920671263,0.017295597,0.004311899,1.141093474
2019/2/12,6.46,6.42,6.5,6.38,254070727,1633874783,-0.007727975,0.014412101,1.132275132
2019/2/13,6.44,6.69,6.78,6.41,451772034,2992597508,0.042056075,0.014803295,1.17989418
2019/2/14,6.67,6.64,6.69,6.59,238843914,1584120758,-0.007473842,0.007262908,1.171075838
2019/2/15,6.63,6.49,6.64,6.48,258684079,1699761127,-0.022590361,0.020896404,1.144620811
2019/2/18,6.55,6.93,6.93,6.54,434321607,2929507077,0.06779661,0.045305485,1.222222222
2019/2/19,6.93,6.89,7.21,6.81,517665907,3618756777,-0.005772006,0.051820512,1.215167549
2019/2/20,6.87,6.92,6.99,6.79,293331592,2019751876,0.004354136,0.063110048,1.220458554
2019/2/21,6.88,7.34,7.61,6.84,888198151,6512890304,0.060693642,0.056665802,1.294532628
2019/2/22,7.41,8.07,8.07,7.27,911973260,7005721137,0.099455041,0.051362796,1.423280423
2019/2/25,8.88,8.88,8.88,8.61,629606069,5557554496,0.100371747,0.044691404,1.566137566
2019/2/26,9.57,9.33,9.77,9.29,1694477109,16265390250,0.050675676,0.025217054,1.645502646
2019/2/27,9.41,9.07,9.64,8.81,1235057947,11431186972,-0.027867095,0.018072946,1.599647266
2019/2/28,8.9,9.38,9.51,8.64,1006175186,9167061935,0.034178611,0.03248723,1.654320988
2019/3/1,9.49,10,10.23,9.2,1177050772,11392192141,0.066098081,0.017749344,1.76366843
2019/3/4,10.22,10.03,10.85,9.76,1238576877,12622613376,0.003,-0.014471252,1.768959436
2019/3/5,9.78,10.18,10.22,9.72,750149877,7502773692,0.014955135,-0.008794195,1.795414462
2019/3/6,10.05,10.63,10.95,9.99,1102319648,11317512912,0.044204322,-0.007797814,1.874779541
2019/3/7,10.45,10.21,10.75,10.05,1132897536,11771333630,-0.039510818,-0.025280654,1.800705467
2019/3/8,9.56,9.24,9.92,9.21,1038443146,9926558049,-0.095004897,-0.017593544,1.62962963
2019/3/11,9.29,9.53,9.65,9.15,631537045,5958395253,0.031385281,-0.000314847,1.680776014
2019/3/12,9.51,9.72,10.1,9.49,898799950,8818597504,0.019937041,0.001008531,1.714285714
2019/3/13,9.67,9.3,9.68,9.25,688391356,6493440835,-0.043209877,-0.006744567,1.64021164
2019/3/14,9.21,9.29,9.5,9.05,560705637,5185933119,-0.001075269,0.004669263,1.638447972
2019/3/15,9.38,9.21,9.45,9.16,461266754,4293605821,-0.00861141,0.008669806,1.624338624
2019/3/18,9.18,9.56,9.6,8.93,603387415,5607973322,0.038002172,0.006470519,1.686067019
2019/3/19,9.47,9.38,9.57,9.31,418503748,3953745435,-0.018828452,-0.011866757,1.654320988
2019/3/20,9.39,9.51,9.67,9.33,542068047,5141409421,0.013859275,-0.012772924,1.677248677
2019/3/21,9.56,9.69,10.01,9.46,758861623,7407540326,0.018927445,-0.014861408,1.708994709
2019/3/22,9.64,9.5,9.73,9.29,478309069,4545799607,-0.019607843,-0.022960177,1.675485009
2019/3/25,9.24,8.99,9.33,8.97,559693581,5123639697,-0.053684211,-0.003725384,1.585537919
2019/3/26,9.07,8.78,9.14,8.68,478925057,4269515599,-0.023359288,0.015847665,1.548500882
2019/3/27,8.86,8.81,8.93,8.65,420175195,3703449268,0.003416856,0.022583506,1.553791887
2019/3/28,8.72,8.62,8.88,8.62,448464706,3908052672,-0.021566402,0.025985937,1.520282187
2019/3/29,8.7,9.28,9.28,8.66,815919051,7366805449,0.076566125,0.027296214,1.636684303
2019/4/1,9.31,9.69,9.99,9.19,884773489,8487223826,0.044181034,0.007308192,1.708994709
2019/4/2,9.7,9.79,10.3,9.62,941366233,9344278215,0.010319917,-0.003401063,1.726631393
2019/4/3,9.58,9.99,10.09,9.56,755380247,7428197386,0.020429009,-0.01239782,1.761904762
2019/4/4,10.06,9.84,10.15,9.79,538953436,5344478413,-0.015015015,-0.017136505,1.735449735
2019/4/8,9.95,9.61,9.96,9.38,588982770,5680924618,-0.023373984,-0.013915162,1.694885362
2019/4/9,9.57,9.52,9.71,9.39,431708607,4111948792,-0.009365245,-0.01578344,1.679012346
2019/4/10,9.44,9.19,9.46,9.05,613586974,5633637158,-0.034663866,-0.007146017,1.620811287
2019/4/11,9.16,9.16,9.31,8.99,457415821,4179672572,-0.003264418,-0.002830474,1.615520282
2019/4/12,9.17,9.17,9.28,9.1,343307280,3158852244,0.001091703,-0.002619579,1.617283951
2019/4/15,9.39,8.87,9.43,8.85,457673663,4194069593,-0.032715376,0.001148791,1.564373898
2019/4/16,8.81,9.17,9.17,8.74,440987344,3953892422,0.033821871,0.002262985,1.617283951
2019/4/17,9.07,9.05,9.17,9.02,303416336,2755746508,-0.01308615,-0.003385318,1.596119929
2019/4/18,9.04,9.03,9.16,9,231854463,2104080504,-0.002209945,0.001895619,1.592592593
2019/4/19,9.09,9.21,9.25,9.05,318282579,2911176603,0.019933555,-0.006205656,1.624338624
2019/4/22,9.31,8.96,9.37,8.92,367743395,3346046336,-0.027144408,-0.010878866,1.580246914
2019/4/23,8.94,9.01,9.22,8.82,349848931,3155355240,0.005580357,-0.022671569,1.589065256
2019/4/24,9.01,9.13,9.16,8.92,300536362,2723290677,0.013318535,-0.026802716,1.610229277
2019/4/25,9.08,8.74,9.16,8.72,365293683,3270938671,-0.04271632,-0.049364382,1.541446208
2019/4/26,8.66,8.71,8.92,8.63,334249968,2929593257,-0.003432494,-0.036855112,1.536155203
2019/4/29,8.56,7.96,8.61,7.89,640465394,5232959506,-0.086107922,-0.036168613,1.403880071
2019/4/30,7.96,7.84,8.07,7.78,354750520,2810371884,-0.015075377,-0.018947029,1.382716049
2019/5/6,7.2,7.06,7.46,7.06,599893732,4326568982,-0.099489796,-0.00259862,1.245149912
2019/5/7,7.12,7.2,7.22,6.95,477073798,3398406902,0.019830028,0.010268089,1.26984127
2019/5/8,7.01,7.2,7.36,6.97,349568099,2518470638,0,0.006032178,1.26984127
2019/5/9,7.09,7.2,7.32,7.08,338972019,2455843769,0,0.009815962,1.26984127
2019/5/10,7.35,7.68,7.73,7.24,647447555,4873861438,0.066666667,0.007428694,1.354497354
2019/5/13,7.51,7.41,7.57,7.35,359321954,2678094479,-0.03515625,-0.015300613,1.306878307
2019/5/14,7.4,7.4,7.54,7.38,326801592,2437038323,-0.001349528,-0.004325701,1.305114638
2019/5/15,7.49,7.54,7.58,7.43,349119082,2622393692,0.018918919,-0.000464635,1.329805996
2019/5/16,7.54,7.45,7.54,7.37,278191548,2072155916,-0.01193634,-0.007233493,1.313932981
2019/5/17,7.46,7.1,7.47,7,375030914,2708093785,-0.046979866,-0.005672672,1.252204586
2019/5/20,7.08,7.24,7.34,7,328642928,2359199899,0.01971831,0.002893426,1.276895944
2019/5/21,7.21,7.37,7.45,7.19,308014820,2262963122,0.017955801,0.005894208,1.299823633
2019/5/22,7.33,7.26,7.42,7.16,237341264,1733279767,-0.014925373,0.00364533,1.28042328
2019/5/23,7.22,7.23,7.4,7.1,277891520,2017141778,-0.004132231,0.006630405,1.275132275
2019/5/24,7.25,7.2,7.3,7.19,203264170,1471332310,-0.004149378,0.003723517,1.26984127
2019/5/27,7.26,7.45,7.51,7.2,436062752,3220554392,0.034722222,0.002107741,1.313932981
2019/5/28,7.4,7.5,7.53,7.38,341774809,2543550937,0.006711409,-0.004836704,1.322751323
2019/5/29,7.43,7.5,7.6,7.4,281362555,2111248376,0,-0.007554501,1.322751323
2019/5/30,7.42,7.36,7.45,7.26,243997112,1790418158,-0.018666667,-0.007000485,1.298059965
2019/5/31,7.36,7.27,7.4,7.27,174162164,1278582175,-0.012228261,-0.00851577,1.282186949
2019/6/3,7.36,7.27,7.45,7.25,211881837,1553506867,0,-0.007488558,1.282186949
2019/6/4,7.24,7.22,7.28,7.16,193768473,1397063829,-0.006877579,0.007940014,1.273368607
2019/6/5,7.32,7.24,7.36,7.21,210134621,1529465202,0.002770083,0.00533675,1.276895944
2019/6/6,7.21,7.05,7.29,7.03,225835036,1618681450,-0.026243094,0.005594641,1.243386243
2019/6/10,7.07,7,7.13,6.84,234648100,1638124251,-0.007092199,0.004643799,1.234567901
2019/6/11,7.01,7.54,7.58,7,558399130,4111226588,0.077142857,0.006340403,1.329805996
2019/6/12,7.47,7.39,7.51,7.37,326376973,2427477561,-0.019893899,-0.006588169,1.30335097
2019/6/13,7.39,7.42,7.51,7.36,260423172,1937025601,0.00405954,0.000408444,1.308641975
2019/6/14,7.42,7.19,7.46,7.19,232181354,1699592129,-0.030997305,0.011488428,1.268077601
2019/6/17,7.2,7.2,7.29,7.13,158993393,1146992587,0.001390821,0.023810338,1.26984127
2019/6/18,7.22,7.29,7.34,7.12,184826379,1339462043,0.0125,0.020066827,1.285714286
2019/6/19,7.74,7.4,7.8,7.4,525543300,3986506439,0.015089163,0.017063049,1.305114638
2019/6/20,7.39,7.84,8.01,7.39,698091605,5382732453,0.059459459,0.010004812,1.382716049
2019/6/21,7.97,8.08,8.2,7.91,656667694,5286734842,0.030612245,0.000432508,1.425044092
2019/6/24,8.09,7.94,8.11,7.88,342367149,2735736597,-0.017326733,-0.007218604,1.400352734
2019/6/25,7.92,7.92,8.01,7.69,377749710,2968672877,-0.002518892,0.002665228,1.396825397
2019/6/26,7.7,7.76,7.85,7.68,223368767,1738541832,-0.02020202,0.001178957,1.368606702
2019/6/27,7.82,7.85,8.03,7.82,311229069,2466605820,0.011597938,0.000445491,1.384479718
2019/6/28,7.82,7.79,7.86,7.69,211936628,1646877228,-0.007643312,-0.000844495,1.373897707
2019/7/1,8.09,8.04,8.15,7.98,466222075,3763714570,0.032092426,0.001708495,1.417989418
2019/7/2,8.03,7.96,8.05,7.92,241228932,1925671590,-0.009950249,-0.014391519,1.403880071
2019/7/3,7.93,7.77,7.93,7.73,259290025,2023689580,-0.023869347,-0.011062781,1.37037037
2019/7/4,7.81,7.81,7.89,7.74,188402122,1473130201,0.005148005,-0.008682529,1.377425044
2019/7/5,7.81,7.85,7.86,7.74,172478828,1348559841,0.005121639,-0.009442951,1.384479718
2019/7/8,7.77,7.47,7.83,7.45,307072619,2330832526,-0.048407643,-0.007241472,1.317460317
2019/7/9,7.5,7.52,7.56,7.39,214183656,1600806787,0.00669344,0.013551168,1.32627866
2019/7/10,7.5,7.43,7.53,7.39,142233248,1061299315,-0.011968085,0.013716239,1.310405644
2019/7/11,7.5,7.44,7.58,7.4,169243857,1267883591,0.001345895,0.020089955,1.312169312
2019/7/12,7.46,7.56,7.59,7.4,180703246,1359627729,0.016129032,0.019332972,1.333333333
2019/7/15,7.59,7.98,8.11,7.53,516765365,4064202569,0.055555556,0.023931126,1.407407407
2019/7/16,7.93,8.04,8.08,7.91,356558953,2859248805,0.007518797,0.004820015,1.417989418
2019/7/17,8.04,8.2,8.36,8.01,551698405,4539835241,0.019900498,0.006992726,1.446208113
2019/7/18,8.14,8.18,8.41,8.12,473038521,3916341249,-0.002439024,0.001809257,1.442680776
2019/7/19,8.32,8.5,8.6,8.27,467910135,3945366101,0.039119804,0.004476239,1.499118166
2019/7/22,8.53,8.16,8.58,8.11,439966427,3631292210,-0.04,-0.005503411,1.439153439
2019/7/23,8.22,8.31,8.34,8.16,317831022,2627763204,0.018382353,-0.001135372,1.465608466
2019/7/24,8.34,8.26,8.42,8.2,415561136,3458301614,-0.006016847,0.001106776,1.456790123
2019/7/25,8.22,8.35,8.35,8.19,267956139,2223996191,0.010895884,0.002549667,1.472663139
2019/7/26,8.34,8.26,8.34,8.2,209963804,1733726048,-0.010778443,-0.001064917,1.456790123
2019/7/29,8.22,8.11,8.24,8.05,262865200,2132148787,-0.018159806,-0.003969469,1.430335097
2019/7/30,8.13,8.35,8.5,8.11,472793869,3942928914,0.029593095,-0.008248509,1.472663139
2019/7/31,8.31,8.36,8.38,8.24,256729807,2136417519,0.001197605,-0.01596893,1.474426808
2019/8/1,8.31,8.3,8.36,8.16,279007018,2304758966,-0.007177033,-0.020883775,1.463844797
2019/8/2,8.05,8.09,8.14,7.96,379234706,3054180740,-0.025301205,-0.016788794,1.42680776
2019/8/5,7.99,7.77,8.09,7.72,390932340,3095529498,-0.039555006,-0.014090758,1.37037037
2019/8/6,7.57,7.7,7.83,7.42,453130798,3452950535,-0.009009009,0.002585184,1.358024691
2019/8/7,7.73,7.52,7.73,7.5,257062946,1955720478,-0.023376623,0.001079097,1.32627866
2019/8/8,7.71,7.62,7.77,7.61,277626405,2134123699,0.013297872,0.006271886,1.343915344
2019/8/9,7.69,7.53,7.71,7.49,211922144,1606214843,-0.011811024,0.006192957,1.328042328
2019/8/12,7.6,7.86,7.87,7.6,349013180,2703230888,0.043824701,0.011102932,1.386243386
2019/8/13,7.74,7.73,7.77,7.69,208818984,1611403364,-0.01653944,0.022212206,1.363315697
2019/8/14,7.9,7.75,7.92,7.74,270489810,2115957459,0.002587322,0.020943435,1.366843034
2019/8/15,7.56,7.85,7.86,7.52,292547563,2255423136,0.012903226,0.019489203,1.384479718
2019/8/16,7.8,7.95,8.1,7.8,446400230,3556981552,0.012738854,0.018085028,1.402116402
2019/8/19,8.08,8.74,8.74,8.03,841470453,7089786140,0.099371069,0.014133748,1.541446208
2019/8/20,8.86,8.54,8.86,8.5,628669519,5447751550,-0.022883295,-0.009745177,1.50617284
2019/8/21,8.53,8.5,8.59,8.49,321573279,2744645593,-0.004683841,0.000360328,1.499118166
2019/8/22,8.53,8.55,8.59,8.46,278098491,2371697794,0.005882353,-0.001743839,1.507936508
2019/8/23,8.58,8.49,8.8,8.47,397910017,3428280004,-0.007017544,-0.004345488,1.497354497
2019/8/26,8.28,8.32,8.42,8.25,369833198,3078738009,-0.020023557,-0.003898917,1.467372134
2019/8/27,8.39,8.55,8.77,8.35,529178747,4532002942,0.027644231,0.007798102,1.507936508
2019/8/28,8.49,8.42,8.54,8.39,270939548,2287349031,-0.015204678,0.001574812,1.485008818
2019/8/29,8.45,8.36,8.51,8.34,218126918,1836413882,-0.007125891,0.011584388,1.474426808
2019/8/30,8.48,8.32,8.57,8.2,319310146,2682585286,-0.004784689,0.020192507,1.467372134
2019/9/2,8.31,8.64,8.74,8.31,522608916,4474308719,0.038461538,0.024183031,1.523809524
2019/9/3,8.63,8.61,8.66,8.51,340588255,2923105126,-0.003472222,0.019052089,1.518518519
2019/9/4,8.59,8.91,9.04,8.57,622406854,5488203576,0.034843206,0.018903541,1.571428571
2019/9/5,9.18,9.23,9.76,9.18,959707193,9022195891,0.035914703,0.01172326,1.627865961
2019/9/6,9.39,9.37,9.43,9.18,511815403,4767391188,0.015167931,0.00602337,1.652557319
2019/9/9,9.58,9.49,9.6,9.37,599114813,5679392034,0.01280683,-0.000375095,1.67372134
2019/9/10,9.43,9.45,9.68,9.28,523478663,4939024113,-0.004214963,-0.009781381,1.666666667
2019/9/11,9.55,9.44,9.63,9.39,459830198,4372293852,-0.001058201,-0.010488776,1.664902998
2019/9/12,9.5,9.51,9.56,9.29,382288211,3614808209,0.007415254,-0.007152136,1.677248677
2019/9/16,9.54,9.35,9.55,9.28,329513933,3101323316,-0.016824395,-0.011052769,1.649029982
2019/9/17,9.31,9.03,9.33,8.96,435583176,3972514238,-0.034224599,-0.010357523,1.592592593
2019/9/18,9.08,8.96,9.08,8.88,266220433,2389015052,-0.007751938,-0.002610686,1.580246914
2019/9/19,9.02,9.1,9.1,8.91,307220230,2769067972,0.015625,-0.002631567,1.604938272
2019/9/20,9.04,8.99,9.07,8.91,272730514,2452048745,-0.012087912,-0.010507698,1.585537919
2019/9/23,8.91,8.87,8.92,8.77,282296402,2492850636,-0.013348165,-0.005309119,1.564373898
2019/9/24,8.89,8.91,9.08,8.82,345411006,3089161656,0.004509583,-0.008353772,1.571428571
2019/9/25,8.82,8.84,8.95,8.77,281733253,2494922163,-0.007856341,-0.009490983,1.559082892
2019/9/26,8.88,8.63,8.93,8.58,377754046,3310566766,-0.023755656,-0.005799573,1.522045855
2019/9/27,8.67,8.75,8.77,8.63,208655165,1814982827,0.013904983,0.00081636,1.543209877
2019/9/30,8.73,8.5,8.77,8.47,201307127,1737727700,-0.028571429,0.00126862,1.499118166
2019/10/8,8.53,8.49,8.59,8.43,199341470,1697776858,-0.001176471,0.009255633,1.497354497
2019/10/9,8.4,8.58,8.58,8.34,199552531,1691700900,0.010600707,0.010165084,1.513227513
2019/10/10,8.57,8.66,8.68,8.52,253414561,2183635375,0.009324009,0.006253229,1.527336861
2019/10/11,8.68,8.8,8.92,8.56,404938786,3553281889,0.016166282,0.002806507,1.552028219
2019/10/14,8.92,8.9,9.12,8.82,443536173,3981297388,0.011363636,-0.006349301,1.569664903
2019/10/15,8.96,8.93,9.07,8.82,324425116,2900669690,0.003370787,-0.009326254,1.574955908
2019/10/16,8.97,8.85,9.07,8.84,253106745,2264249198,-0.008958567,-0.007409127,1.560846561
2019/10/17,8.82,8.78,8.93,8.74,184927938,1630198443,-0.007909605,-0.008175553,1.548500882
2019/10/18,8.82,8.52,8.85,8.51,284103821,2459856234,-0.029612756,-0.005415776,1.502645503
2019/10/21,8.54,8.49,8.55,8.38,201575242,1704476068,-0.003521127,0.003551272,1.497354497
2019/10/22,8.51,8.6,8.6,8.48,179579174,1532471420,0.012956419,0.01463612,1.51675485
2019/10/23,8.62,8.49,8.66,8.46,189164048,1621738011,-0.012790698,0.003492205,1.497354497
2019/10/24,8.5,8.54,8.64,8.47,188191977,1609158448,0.005889282,0.003530298,1.50617284
2019/10/25,8.51,8.67,8.69,8.41,274407626,2352409441,0.015222482,0.001424368,1.529100529
2019/10/28,8.93,9.12,9.23,8.76,659713285,5936356100,0.051903114,0.001643274,1.608465608
2019/10/29,9.01,8.73,9.02,8.72,403390296,3583114534,-0.042763158,-0.008278633,1.53968254
2019/10/30,8.68,8.62,8.77,8.6,228768291,1982301755,-0.012600229,0.002333495,1.520282187
2019/10/31,8.65,8.58,8.7,8.55,174359953,1502317489,-0.004640371,0.001003032,1.513227513
2019/11/1,8.54,8.72,8.76,8.51,236962090,2054975119,0.016317016,0.002854893,1.537918871
2019/11/4,8.75,8.74,8.86,8.68,230126439,2018698797,0.002293578,-0.00132805,1.541446208
2019/11/5,8.74,8.83,8.96,8.72,340843898,3017317579,0.010297483,-0.008022332,1.557319224
2019/11/6,8.8,8.66,8.82,8.61,230632386,2012746485,-0.019252548,-0.011035344,1.527336861
2019/11/7,8.62,8.7,8.76,8.6,157984296,1371897002,0.004618938,-0.00862196,1.534391534
2019/11/8,8.79,8.66,8.84,8.65,232583690,2038115106,-0.004597701,-0.009063239,1.527336861
2019/11/11,8.57,8.39,8.59,8.35,263147219,2230711568,-0.031177829,-0.015123241,1.479717813
2019/11/12,8.37,8.35,8.41,8.22,224691894,1865431160,-0.00476758,-0.00639391,1.472663139
2019/11/13,8.3,8.29,8.34,8.23,143489771,1189049226,-0.007185629,-0.001006896,1.462081129
2019/11/14,8.3,8.31,8.36,8.2,174591536,1447754995,0.002412545,-0.004389048,1.465608466
2019/11/15,8.3,8.02,8.33,8.01,274942601,2249075532,-0.034897714,-0.004130816,1.414462081
2019/11/18,8.03,8.12,8.16,8,177991036,1442754762,0.012468828,0.00112671,1.432098765
2019/11/19,8.12,8.3,8.31,8.09,222959058,1835680951,0.022167488,-0.002607751,1.463844797
2019/11/20,8.27,8.1,8.3,8.08,194252313,1590981148,-0.024096386,-0.007540624,1.428571429
2019/11/21,8.05,8.13,8.18,8.03,114937136,931787539.3,0.003703704,-0.005224476,1.433862434
2019/11/22,8.12,8.06,8.24,8.04,186436305,1512683856,-0.008610086,-0.005458246,1.421516755
2019/11/25,8.03,8.01,8.05,7.91,175035944,1397593311,-0.006203474,-0.002472006,1.412698413
2019/11/26,8.04,7.99,8.06,7.94,131155771,1047450794,-0.002496879,-0.000226286,1.409171076
2019/11/27,7.95,7.89,7.97,7.87,139517411,1103197701,-0.012515645,0.00177309,1.391534392
2019/11/28,7.88,7.91,7.94,7.86,102864212,812178606.8,0.002534854,0.003779941,1.395061728
2019/11/29,7.9,7.96,8.04,7.86,156743380,1247150031,0.006321113,0.007750582,1.403880071
2019/12/2,8.07,8,8.13,7.97,194763198,1567688754,0.005025126,0.006729668,1.410934744
2019/12/3,7.93,8.06,8.07,7.9,153523292,1225110078,0.0075,0.004023549,1.421516755
2019/12/4,8,8.04,8.04,7.97,136171191,1089612951,-0.00248139,0.003994138,1.417989418
2019/12/5,8.08,8.22,8.26,8.07,357029305,2914481439,0.02238806,0.003760489,1.44973545
2019/12/6,8.19,8.23,8.27,8.16,205214312,1683303683,0.001216545,-0.000717123,1.451499118
2019/12/9,8.27,8.16,8.27,8.14,173069046,1418443093,-0.008505468,0.012226381,1.439153439
2019/12/10,8.13,8.22,8.24,8.1,197685611,1612961998,0.007352941,0.016676615,1.44973545
2019/12/11,8.22,8.19,8.3,8.17,231139699,1902210491,-0.003649635,0.019499812,1.444444444
2019/12/12,8.19,8.19,8.28,8.18,192867426,1584932447,0,0.019123545,1.444444444
2019/12/13,8.34,8.73,8.88,8.31,833444345,7148070043,0.065934066,0.017343789,1.53968254
2019/12/16,8.71,8.85,8.97,8.64,602177189,5299371089,0.013745704,0.00168784,1.560846561
2019/12/17,8.87,9.04,9.36,8.8,752840942,6836972126,0.021468927,-0.005606755,1.594356261
2019/12/18,9.01,8.99,9.17,8.97,490945627,4449069744,-0.005530973,-0.006877285,1.585537919
2019/12/19,8.99,8.91,9.04,8.83,347290389,3097295686,-0.008898776,-0.00577109,1.571428571
2019/12/20,8.96,8.8,9.05,8.8,401823187,3592329537,-0.012345679,0.000132377,1.552028219
2019/12/23,8.8,8.6,8.9,8.6,327446023,2870539219,-0.022727273,-0.00301016,1.51675485
2019/12/24,8.65,8.73,8.74,8.63,202180464,1755188490,0.015116279,0.011235064,1.53968254
2019/12/25,8.71,8.73,8.85,8.65,231790822,2026647534,0,0.007991544,1.53968254
2019/12/26,8.74,8.91,8.92,8.71,285185192,2509240485,0.020618557,0.009535094,1.571428571
2019/12/27,8.92,8.66,8.99,8.63,420974748,3726181404,-0.028058361,0.006724293,1.527336861
2019/12/30,8.59,9.08,9.23,8.57,638236432,5729767549,0.048498845,0.014075096,1.601410935
2019/12/31,9.03,9.07,9.12,8.98,362030760,3279001090,-0.001101322,0.004375327,1.599647266
2020/1/2,9.26,9.14,9.3,9.1,524613500,4838053459,0.007717751,-0.002947513,1.611992945
2020/1/3,9.14,9.2,9.29,9.1,329222125,3024522223,0.006564551,0.00155597,1.622574956
2020/1/6,9.12,9.28,9.46,9.1,467746231,4335189596,0.008695652,0.001547407,1.636684303
2020/1/7,9.28,9.28,9.34,9.12,351375905,3244565956,0,0.00088819,1.636684303
2020/1/8,9.19,8.93,9.19,8.93,364028062,3301142863,-0.037715517,-0.003193442,1.574955908
2020/1/9,9.14,9.2,9.26,9.12,359280835,3297195484,0.030235162,0.002814574,1.622574956
2020/1/10,9.37,9.26,9.41,9.21,448984104,4181775118,0.006521739,-0.003674448,1.633156966
2020/1/13,9.1,9.31,9.31,9.01,383370388,3504645958,0.005399568,-0.004535828,1.641975309
2020/1/14,9.33,9.12,9.37,9.11,281348621,2600530008,-0.020408163,-0.001858835,1.608465608
2020/1/15,9.1,9.05,9.18,9.03,213483706,1938272857,-0.007675439,-0.003200196,1.596119929
2020/1/16,9.08,9.03,9.1,9.01,162091128,1466140782,-0.002209945,0.001679373,1.592592593
2020/1/17,9.08,9.05,9.2,9.04,197581330,1799277904,0.002214839,-0.007747059,1.596119929
2020/1/20,9.05,9.22,9.23,9.05,259594061,2379620289,0.01878453,-0.028259231,1.626102293
2020/1/21,9.15,8.97,9.17,8.93,299580396,2711396220,-0.027114967,-0.032272547,1.582010582
2020/1/22,8.91,9.12,9.17,8.82,328570166,2961876532,0.016722408,-0.022228244,1.608465608
2020/1/23,8.97,8.67,9.07,8.57,425280778,3750783739,-0.049342105,-0.014531321,1.529100529
2020/2/3,7.8,7.8,7.8,7.8,62827987,490152471,-0.100346021,-0.0046629,1.375661376
2020/2/4,7.47,7.79,7.92,7.47,550227562,4256429712,-0.001282051,0.016357553,1.373897707
2020/2/5,7.85,7.97,8.16,7.77,436674273,3475782336,0.023106547,0.014720472,1.405643739
2020/2/6,7.93,8.41,8.49,7.88,627012406,5148374956,0.055207026,0.016072878,1.48324515
2020/2/7,8.31,8.41,8.46,8.27,394407934,3299786285,0,0.000391102,1.48324515
2020/2/10,8.37,8.45,8.57,8.32,304786316,2572921905,0.004756243,0.00941723,1.490299824
2020/2/11,8.53,8.37,8.58,8.36,254956443,2156235443,-0.009467456,0.016420527,1.476190476
2020/2/12,8.31,8.62,8.67,8.31,402840816,3431309030,0.029868578,0.016128226,1.520282187
2020/2/13,8.57,8.42,8.66,8.39,311968334,2649260301,-0.023201856,0.010375505,1.485008818
2020/2/14,8.45,8.8,9.12,8.41,743725107,6545694481,0.045130641,0.035104176,1.552028219
2020/2/17,9.08,9.15,9.22,8.93,715594252,6499285959,0.039772727,0.039518369,1.613756614
2020/2/18,9.1,9.05,9.2,8.96,438355601,3974813873,-0.010928962,0.033255553,1.596119929
2020/2/19,9.03,9.06,9.31,9,493853758,4526412990,0.001104972,0.049234448,1.597883598
2020/2/20,9.12,9.97,9.97,9.05,833891180,7938634976,0.100441501,0.0368077,1.758377425
2020/2/21,10.5,10.64,10.96,10.3,1385704498,14695740957,0.067201605,0.019319214,1.87654321
2020/2/24,10.47,10.73,11.02,10.39,917588802,9823524651,0.008458647,-0.011353004,1.892416226
2020/2/25,10.5,11.47,11.58,10.23,1109707617,12030162084,0.068965517,-0.003415847,2.02292769
2020/2/26,11.21,10.77,11.61,10.69,1021656743,11393493258,-0.061028771,-0.01414675,1.899470899
2020/2/27,10.9,10.91,11.19,10.65,719158422,7870104399,0.012999071,0.007484075,1.924162257
2020/2/28,10.46,9.97,10.65,9.82,993529638,10227920731,-0.086159487,0.013705143,1.758377425
2020/3/2,10.23,10.45,10.67,10.04,800914980,8301295913,0.048144433,0.02093704,1.84303351
2020/3/3,10.75,10.61,11.12,10.46,747651543,8048507664,0.015311005,-0.001033044,1.871252205
2020/3/4,10.6,11.11,11.11,10.46,730484920,7863390431,0.047125353,0.007123324,1.959435626
2020/3/5,11.19,11.6,11.89,10.89,1048847541,11924762912,0.04410441,-0.010909806,2.045855379
2020/3/6,11.27,11.02,11.4,11.02,622322834,6953359991,-0.05,-0.020496238,1.94356261
2020/3/9,10.63,10.34,10.88,10.14,828507802,8689648737,-0.061705989,-0.012417468,1.823633157
2020/3/10,10.52,10.92,11.04,10.24,762422933,8114760203,0.056092843,-0.016371129,1.925925926
2020/3/11,10.84,10.45,10.88,10.38,569632209,6057177934,-0.043040293,-0.023788219,1.84303351
2020/3/12,10.32,10.41,10.56,10.22,492797446,5115009490,-0.003827751,-0.022641301,1.835978836
2020/3/13,9.93,10.31,10.52,9.88,698380161,7097581270,-0.009606148,-0.014771337,1.818342152
2020/3/16,10.18,9.47,10.3,9.38,739769248,7273535783,-0.081474297,-0.011186906,1.670194004
2020/3/17,9.77,9.65,9.85,9.33,558465064,5380984258,0.019007392,-0.004788954,1.701940035
2020/3/18,9.72,9.29,9.91,9.26,572095077,5522108890,-0.037305699,-0.000564402,1.638447972
2020/3/19,9.41,9.62,9.74,9.23,605847895,5747426164,0.035522067,0.009190794,1.69664903
2020/3/20,9.72,9.7,9.77,9.45,435418320,4196414620,0.008316008,-0.001212588,1.710758377
2020/3/23,9.37,9.22,9.51,9.2,397881607,3720037500,-0.049484536,-0.002246859,1.626102293
2020/3/24,9.45,9.59,9.62,9.16,479810624,4526702289,0.040130152,0.003888293,1.691358025
2020/3/25,9.77,9.7,9.91,9.63,550509830,5377731428,0.011470282,-0.007545618,1.710758377
2020/3/26,9.6,9.54,9.73,9.51,290198776,2790150941,-0.016494845,-0.00962299,1.682539683
2020/3/27,9.68,9.57,9.83,9.54,360862372,3488334616,0.003144654,0.000385936,1.687830688
2020/3/30,9.31,9.39,9.49,9.21,313137772,2920875930,-0.018808777,-0.004850325,1.656084656
2020/3/31,9.51,9.23,9.51,9.22,279971202,2621101705,-0.017039404,0.005556661,1.627865961
2020/4/1,9.18,9.24,9.43,9.14,275271530,2563599693,0.001083424,0.008549604,1.62962963
2020/4/2,9.24,9.55,9.57,9.24,336519499,3159733312,0.033549784,0.016856828,1.684303351
2020/4/3,9.46,9.33,9.49,9.3,270041004,2534718402,-0.023036649,0.006557639,1.645502646
2020/4/7,9.57,9.64,9.72,9.53,410542423,3948685285,0.033226152,0.017459385,1.700176367
2020/4/8,9.55,9.62,9.69,9.54,238564333,2291813698,-0.002074689,0.01337321,1.69664903
2020/4/9,9.84,10.03,10.24,9.84,607093301,6103970731,0.042619543,0.007374153,1.768959436
2020/4/10,10.23,9.85,10.23,9.8,529527262,5292963194,-0.017946162,0.00166149,1.737213404
2020/4/13,9.77,10.16,10.16,9.72,411341934,4094262648,0.031472081,0.006042801,1.791887125
2020/4/14,10.15,10.29,10.45,10.05,533788194,5457118047,0.012795276,0.00053734,1.814814815
2020/4/15,10.2,9.96,10.3,9.94,422282095,4274958916,-0.032069971,-0.005754525,1.756613757
2020/4/16,9.92,10.1,10.2,9.89,359860525,3629400539,0.014056225,0.00105987,1.781305115
2020/4/17,10.22,10.14,10.36,10.12,465899660,4769324709,0.003960396,-0.004948178,1.788359788
2020/4/20,10.15,10.18,10.32,10.09,293185654,2990002926,0.003944773,-0.00939508,1.795414462
2020/4/21,10.1,9.99,10.1,9.83,327022043,3258513995,-0.018664047,-0.011424986,1.761904762
2020/4/22,9.89,10.01,10.06,9.87,270956845,2700923840,0.002002002,-0.00144868,1.765432099
2020/4/23,10.01,9.85,10.03,9.84,221090315,2190554520,-0.015984016,0.000976348,1.737213404
2020/4/24,9.85,9.67,9.93,9.63,275161862,2684621243,-0.018274112,0.01292937,1.705467372
2020/4/27,9.7,9.61,9.8,9.59,235944363,2290364850,-0.006204757,0.01849077,1.694885362
2020/4/28,9.77,9.91,10.06,9.69,476618958,4713579809,0.031217482,0.016710003,1.747795414
2020/4/29,9.85,10.05,10.16,9.83,339752933,3413478429,0.014127144,0.013342825,1.772486772
2020/4/30,10.15,10.49,10.52,10.11,505642488,5250878322,0.043781095,0.008816073,1.850088183
2020/5/6,10.32,10.59,10.6,10.28,434843487,4534067145,0.009532888,-0.000512119,1.867724868
2020/5/7,10.53,10.43,10.62,10.38,297791052,3122081566,-0.015108593,-0.001845083,1.839506173
2020/5/8,10.54,10.58,10.83,10.47,460489855,4890339310,0.014381592,-0.00263652,1.865961199
2020/5/11,10.55,10.49,10.69,10.4,325001422,3427094190,-0.008506616,-0.005318475,1.850088183
2020/5/12,10.51,10.46,10.57,10.31,224150853,2339150978,-0.002859867,-0.002257928,1.844797178
2020/5/13,10.41,10.49,10.54,10.37,204281107,2138373096,0.002868069,0.000821278,1.850088183
2020/5/14,10.42,10.29,10.46,10.28,218370535,2263708756,-0.019065777,-0.003180908,1.814814815
2020/5/15,10.37,10.3,10.43,10.29,189043392,1958549511,0.000971817,-0.002662326,1.816578483
2020/5/18,10.29,10.37,10.51,10.19,280782520,2915712872,0.006796117,-0.009556197,1.828924162
2020/5/19,10.53,10.5,10.63,10.48,276794946,2915452346,0.012536162,-0.011730914,1.851851852
2020/5/20,10.46,10.32,10.49,10.27,218977084,2274510668,-0.017142857,-0.010348689,1.82010582
2020/5/21,10.39,10.15,10.41,10.1,221906494,2271074709,-0.016472868,-0.009329756,1.790123457
2020/5/22,10.13,9.81,10.17,9.79,251258333,2500179534,-0.033497537,-0.00379941,1.73015873
2020/5/25,9.82,9.77,9.87,9.7,160619222,1571025177,-0.004077472,0.000890047,1.723104056
2020/5/26,9.83,9.96,10.02,9.82,215836851,2141513044,0.019447288,0.018355287,1.756613757
2020/5/27,9.95,9.84,9.95,9.76,158892867,1563106412,-0.012048193,0.013341181,1.735449735
2020/5/28,9.86,9.95,10.12,9.8,279208783,2778933004,0.011178862,0.01443131,1.754850088
2020/5/29,9.85,9.85,9.93,9.79,179593943,1767998027,-0.010050251,0.012195537,1.737213404
2020/6/1,10.16,10.67,10.78,10.16,586142514,6119991814,0.083248731,0.015723614,1.881834215
2020/6/2,10.58,10.61,10.73,10.49,339777895,3598618574,-0.005623243,-0.003562667,1.871252205
2020/6/3,10.7,10.54,10.82,10.49,372484714,3971931111,-0.006597549,0.00500473,1.858906526
2020/6/4,10.64,10.54,10.7,10.51,223539826,2364748070,0,0.007428196,1.858906526
2020/6/5,10.58,10.62,10.64,10.37,307983253,3238126777,0.007590133,0.007428196,1.873015873
2020/6/8,10.62,10.48,10.67,10.46,232162721,2452199137,-0.013182674,0.009935787,1.848324515
2020/6/9,10.51,10.87,11.14,10.5,578071806,6282682194,0.03721374,0.013827927,1.917107584
2020/6/10,10.83,10.93,10.96,10.76,289762704,3147993617,0.005519779,0.009593735,1.927689594
2020/6/11,10.86,10.93,11.36,10.83,547478626,6048587049,0,0.007612586,1.927689594
2020/6/12,10.68,11.15,11.25,10.61,572330830,6315334945,0.020128088,0.01413241,1.9664903
2020/6/15,11.25,11.22,11.72,11.14,679432072,7742734531,0.006278027,0.024270615,1.978835979
2020/6/16,11.39,11.4,11.58,11.24,428077074,4879896544,0.016042781,0.031620587,2.010582011
2020/6/17,11.4,11.35,11.44,11.18,313310088,3542020967,-0.004385965,0.035440297,2.001763668
2020/6/18,11.35,11.72,11.87,11.31,493815770,5742169925,0.032599119,0.032037047,2.0670194
2020/6/19,11.65,12.55,12.84,11.65,728194456,8915026865,0.070819113,0.018428234,2.21340388
2020/6/22,12.66,13.09,13.51,12.58,745210516,9726360198,0.043027888,0.022559955,2.308641975
2020/6/23,13.04,13.55,13.55,12.96,593969618,7868718305,0.035141329,0.014384176,2.389770723
2020/6/24,13.63,13.26,13.66,13.07,574719043,7632609653,-0.021402214,0.023796225,2.338624339
2020/6/29,13.07,12.79,13.2,12.74,588943877,7619175328,-0.035444947,0.036266892,2.255731922
2020/6/30,12.93,13.96,14.07,12.9,728324444,9816845702,0.091477717,0.060868572,2.462081129
2020/7/1,13.82,13.99,14.07,13.6,546542768,7562582714,0.002148997,0.032771395,2.467372134
2020/7/2,14.02,15.14,15.32,13.8,804175443,11632698266,0.082201573,0.052341596,2.670194004
2020/7/3,15.15,15.76,16.21,14.95,937144749,14590841982,0.040951123,0.045271053,2.779541446
2020/7/6,15.97,17.14,17.25,15.84,1022189044,16949377391,0.087563452,0.025892762,3.02292769
2020/7/7,17.24,16.3,17.27,16.18,895028351,14890057072,-0.049008168,0.018425218,2.874779541
2020/7/8,16.55,17.93,17.93,16.53,782236923,13399869491,0.1,0.043594934,3.162257496
2020/7/9,17.79,18.77,19.48,17.35,934333777,17334089288,0.046848857,0.016908307,3.310405644
2020/7/10,18.07,17.72,18.39,17.68,777209061,13990883482,-0.05594033,-0.01207943,3.125220459
2020/7/13,17.45,18.61,19.43,17.27,807920343,14777072381,0.050225734,-0.005928571,3.282186949
2020/7/14,18.45,20.04,20.17,18.11,882239349,16984052438,0.076840408,-0.006578533,3.534391534
2020/7/15,20.03,19.37,20.48,19.12,740216939,14551602111,-0.033433134,-0.021497932,3.41622575
2020/7/16,19.04,17.47,19.89,17.43,919262859,17044104486,-0.09808983,-0.008319979,3.081128748
2020/7/17,17.74,17.03,18.01,16.38,867850886,14947851226,-0.025186033,0.017585249,3.003527337
2020/7/20,17.63,17.83,18.16,17.14,716892077,12651399111,0.046975925,0.004335541,3.144620811
2020/7/21,17.83,17.87,18.35,17.65,482843843,8697677604,0.00224341,-0.00644773,3.151675485
2020/7/22,17.89,18.45,19.25,17.89,689842145,12831047110,0.032456631,-0.006546965,3.253968254
2020/7/23,18.25,19.03,19.04,18.04,715655058,13302149911,0.031436314,0.001612871,3.356261023
2020/7/24,18.72,17.29,18.79,17.26,871990304,15635154921,-0.091434577,-0.009116428,3.049382716
2020/7/27,17.31,17.17,17.63,16.84,550476620,9481760747,-0.006940428,0.013381013,3.028218695
2020/7/28,17.69,17.2,17.7,16.94,475198745,8231889093,0.001747234,0.022799484,3.0335097
2020/7/29,17.07,18.46,18.49,16.97,696508503,12477063946,0.073255814,0.018694169,3.255731922
2020/7/30,18.44,18.05,18.44,17.98,453050507,8227913472,-0.022210184,0.007445452,3.183421517
2020/7/31,18.15,18.43,18.91,18.1,565602331,10465958620,0.021052632,0.019101289,3.250440917
2020/8/3,18.79,19.17,19.26,18.36,613407795,11547596572,0.040151926,0.002680874,3.380952381
2020/8/4,19.13,18.81,19.26,18.7,459958724,8716189424,-0.018779343,-0.008466116,3.317460317
2020/8/5,18.66,19.13,19.54,18.52,497728746,9526855649,0.017012228,-0.014644745,3.373897707
2020/8/6,19.21,19.82,20.27,18.72,617089439,11893101410,0.036069002,-0.022067868,3.495590829
2020/8/7,19.01,18.61,19.49,18.23,680826120,12807799474,-0.061049445,-0.027405936,3.282186949
2020/8/10,18.12,18.32,18.91,17.89,535768967,9810958175,-0.01558302,-0.01182787,3.231040564
2020/8/11,18.32,17.41,18.59,17.31,562546488,10098744289,-0.049672489,-0.00197226,3.070546737
2020/8/12,17.41,17.06,17.65,16.59,567480137,9695908196,-0.020103389,0.007962238,3.008818342
2020/8/13,17.28,17.22,17.63,17.12,389288857,6755093494,0.009378664,0.004137612,3.037037037
2020/8/14,17.14,17.51,17.6,17.11,308292294,5367717642,0.016840883,0.002376888,3.088183422
2020/8/17,17.9,18.1,18.54,17.56,648634128,11714405969,0.033695031,0.00670986,3.192239859
2020/8/18,17.97,18.1,18.41,17.92,367469926,6662839162,0,-0.001689356,3.192239859
2020/8/19,18.04,17.39,18.2,17.29,445647669,7947075503,-0.039226519,0.002328501,3.0670194
2020/8/20,17.28,17.4,17.73,17.21,339769217,5930465568,0.000575043,0.00131166,3.068783069
2020/8/21,17.66,18.07,18.11,17.6,474480019,8474122932,0.038505747,0.003142845,3.186948854
2020/8/24,18.32,17.92,18.38,17.38,484186742,8649847094,-0.008301051,0.001790902,3.160493827
2020/8/25,17.89,18.28,19.01,17.89,664555956,12230663383,0.020089286,0.002132431,3.223985891
2020/8/26,18.11,17.47,18.21,17.38,550118655,9750130068,-0.044310722,-0.000889851,3.081128748
2020/8/27,17.47,17.64,17.81,17.38,316726058,5571318004,0.009730967,0.012155012,3.111111111
2020/8/28,17.46,18.2,18.41,17.29,569557725,10165895403,0.031746032,0.006435234,3.209876543
2020/8/31,18.38,18.08,18.79,18.05,580225831,10703604358,-0.006593407,-0.003100785,3.188712522
2020/9/1,18.07,18.17,18.23,17.78,321394741,5788380137,0.004977876,-0.011944025,3.204585538
2020/9/2,18.18,18.55,18.7,18.01,618107094,11373398257,0.020913594,-0.009527835,3.271604938
2020/9/3,18.52,18.2,18.79,18.07,527192982,9704599615,-0.018867925,-0.022154741,3.209876543
2020/9/4,17.7,17.91,18.02,17.63,310801313,5553634544,-0.015934066,-0.02466135,3.158730159
2020/9/7,17.8,17,17.92,16.87,566701118,9849899634,-0.050809604,-0.019230148,2.998236332
2020/9/8,17.11,17.29,17.49,16.77,431703571,7399300034,0.017058824,-0.007835181,3.049382716
2020/9/9,17.07,16.56,17.21,16.46,426136649,7171461033,-0.042220937,-0.010389103,2.920634921
2020/9/10,16.73,16.04,16.91,15.97,387754700,6412331887,-0.031400966,-0.005239607,2.828924162
2020/9/11,15.97,16.22,16.28,15.9,285382599,4609583380,0.011221945,0.002281281,2.860670194
2020/9/14,16.34,16.32,16.48,16.1,252937590,4120776485,0.006165228,0.013107175,2.878306878
2020/9/15,16.32,16.39,16.44,16.14,233064308,3803286775,0.004289216,0.007475981,2.890652557
2020/9/16,16.31,16.12,16.48,15.99,261567783,4246935480,-0.016473459,0.005434706,2.84303351
2020/9/17,16,16.22,16.44,15.77,312834825,5023442589,0.006203474,0.007300827,2.860670194
2020/9/18,16.23,17.28,17.63,16.1,721158177,12163429167,0.065351418,0.002942626,3.047619048
2020/9/21,17.63,16.9,17.73,16.89,474553396,8163031027,-0.021990741,-0.007935209,2.980599647
2020/9/22,16.73,16.8,17.38,16.69,359714366,6105122975,-0.00591716,-0.00474188,2.962962963
2020/9/23,16.81,16.68,16.91,16.56,230925617,3861011904,-0.007142857,-0.00077057,2.941798942
2020/9/24,16.6,16.42,16.85,16.38,247676622,4115023320,-0.01558753,-0.001135184,2.895943563
2020/9/25,16.5,16.6,16.79,16.43,242152583,4022372003,0.010962241,0.007289921,2.927689594
2020/9/28,16.5,16.5,16.64,16.4,166973249,2759713192,-0.006024096,0.016965863,2.91005291
2020/9/29,16.62,16.73,16.92,16.6,240627166,4036961720,0.013939394,0.018392535,2.950617284
2020/9/30,16.84,16.58,16.91,16.48,192770349,3220832073,-0.008965929,0.013942606,2.924162257
2020/10/9,16.93,17.02,17.2,16.85,267659231,4556747263,0.026537998,0.01439501,3.001763668
2020/10/12,17.18,18.03,18.11,17.09,524620260,9324717778,0.059341951,0.011112158,3.17989418
2020/10/13,17.76,18.05,18.11,17.71,339037461,6074662080,0.001109262,-0.000867591,3.183421517
2020/10/14,17.96,17.9,18.03,17.73,225231447,4021794281,-0.008310249,0.004927269,3.15696649
2020/10/15,17.91,17.78,18.24,17.76,237729784,4268653101,-0.006703911,0.003560655,3.135802469
2020/10/16,17.74,17.96,18.05,17.74,228370131,4093014633,0.010123735,0.002924502,3.167548501
2020/10/19,18.65,17.95,18.66,17.94,385229399,7045047518,-0.000556793,-0.005977672,3.165784832
2020/10/20,17.96,18.49,18.57,17.95,383345457,7021514215,0.030083565,-0.012644027,3.261022928
2020/10/21,18.52,18.21,18.52,18.06,260710164,4754483304,-0.015143321,-0.01866074,3.211640212
2020/10/22,18.04,18.03,18.3,17.73,279874462,5037179137,-0.009884679,-0.015632076,3.17989418
2020/10/23,18.05,17.41,18.13,17.41,232740852,4140546839,-0.034387133,-0.013417328,3.070546737
2020/10/26,17.36,16.82,17.38,16.52,359277503,6063700400,-0.03388857,-0.014615911,2.9664903
2020/10/27,16.69,16.82,16.91,16.66,188788979,3169121681,0,-0.006600574,2.9664903
2020/10/28,16.77,16.82,16.96,16.61,238832945,4011895385,0,4.15E-05,2.9664903
2020/10/29,16.66,16.84,17.02,16.59,270998587,4556241071,0.001189061,-0.000672793,2.970017637
2020/10/30,16.78,16.16,16.9,16.11,320706438,5288414560,-0.040380048,0.005421534,2.850088183
2020/11/2,16.19,16.26,16.55,16.07,234382032,3824767758,0.006188119,0.015234659,2.867724868
2020/11/3,16.32,16.8,17.11,16.32,362428419,6090480351,0.033210332,0.027659493,2.962962963
2020/11/4,16.8,16.74,16.87,16.49,215531240,3596148428,-0.003571429,0.019082982,2.952380952
2020/11/5,17.11,17.27,17.38,17,371587344,6391628616,0.031660693,0.010139102,3.045855379
2020/11/6,17.25,17.42,17.5,17.08,371325414,6428492102,0.008685582,0.004377089,3.072310406
2020/11/9,17.56,18.61,19.06,17.45,719994721,13183239094,0.068312285,-0.00122586,3.282186949
2020/11/10,18.66,18.43,18.9,18.32,484899135,9004860952,-0.009672219,-0.013149187,3.250440917
2020/11/11,18.35,17.54,18.43,17.49,461834947,8233435215,-0.04829083,-0.011329686,3.093474427
2020/11/12,17.6,17.59,17.78,17.43,220646827,3884429395,0.002850627,-0.000521433,3.102292769
2020/11/13,17.37,17.25,17.38,17,267189748,4593744195,-0.019329164,0.003025079,3.042328042
2020/11/16,17.46,17.4,17.47,17.09,195694285,3387738916,0.008695652,0.006106599,3.068783069
2020/11/17,17.31,17.39,17.39,16.9,237669175,4070792693,-0.000574713,0.009204363,3.0670194
2020/11/18,17.4,17.49,17.71,17.35,280723475,4928803472,0.005750431,0.00756203,3.084656085
2020/11/19,17.29,17.85,18.03,17.1,331846747,5853385622,0.02058319,0.00297704,3.148148148
2020/11/20,17.76,17.78,17.96,17.62,213408384,3791449936,-0.003921569,0.000889715,3.135802469
2020/11/23,17.66,18.21,18.61,17.54,511810711,9314016530,0.024184477,0.007589207,3.211640212
2020/11/24,18.14,18.05,18.31,17.94,270505714,4906145524,-0.008786381,0.008822772,3.183421517
2020/11/25,18.19,17.74,18.44,17.74,285075980,5161532673,-0.017174515,0.024572684,3.128747795
2020/11/26,17.81,17.92,18.14,17.75,231920121,4151981283,0.010146561,0.022894509,3.160493827
2020/11/27,17.97,18.45,18.45,17.87,341124612,6209408594,0.029575893,0.024497891,3.253968254
2020/11/30,18.66,19.01,20.18,18.59,1019813805,19802892874,0.030352304,0.012834447,3.352733686
2020/12/1,18.94,20.34,20.45,18.88,858525712,16899254831,0.069963177,0.002478272,3.587301587
2020/12/2,20.25,19.82,20.44,19.61,660067590,13214998516,-0.025565388,-0.009324582,3.495590829
2020/12/3,19.71,20.18,20.36,19.63,474556395,9489450546,0.018163471,-0.013804078,3.559082892
2020/12/4,19.9,19.6,19.93,19.34,431874075,8461759677,-0.028741328,-0.017220088,3.456790123
2020/12/7,19.83,19.18,19.83,19.15,310281047,6023683889,-0.021428571,-0.013419874,3.382716049
2020/12/8,19.29,19.39,19.66,19.18,294110251,5715850213,0.010948905,-0.008259843,3.419753086
2020/12/9,19.39,18.46,19.52,18.46,510237201,9650263481,-0.047962867,-0.009579112,3.255731922
2020/12/10,18.46,18.48,18.71,18.34,308367850,5715535262,0.001083424,-0.004211891,3.259259259
2020/12/11,18.59,18.3,18.63,17.98,324836879,5939805910,-0.00974026,0.00453656,3.227513228
2020/12/14,18.32,18.38,18.48,18.04,242170381,4428214975,0.004371585,0.003412578,3.241622575
2020/12/15,18.26,18.46,18.63,18.12,239432392,4398637072,0.004352557,0.007702328,3.255731922
2020/12/16,18.45,18.07,18.45,18.05,222670516,4058877821,-0.021126761,-0.002397339,3.186948854
2020/12/17,18.07,18.88,18.99,18.05,458898613,8536285893,0.044825678,0.004246924,3.329805996
2020/12/18,18.72,18.59,18.82,18.47,241907938,4509427114,-0.015360169,-0.005478668,3.278659612
2020/12/21,18.46,19.07,19.17,18.19,360416831,6769359906,0.025820334,-0.000225609,3.363315697
2020/12/22,18.87,18.19,19,18.19,347383541,6463773561,-0.046145779,-0.000966806,3.208112875
2020/12/23,18.2,18.41,18.73,18.19,299565633,5511200320,0.012094557,0.009528841,3.24691358
2020/12/24,18.36,18.34,18.69,18.25,196843858,3631873304,-0.003802281,0.016863469,3.234567901
2020/12/25,18.23,18.54,18.77,18,300430719,5547026838,0.010905125,0.031923925,3.26984127
2020/12/28,18.52,18.95,19.35,18.25,393770804,7475053834,0.022114347,0.03748905,3.342151675
2020/12/29,19.09,19.07,19.66,19,384276370,7436269716,0.006332454,0.034503737,3.363315697
2020/12/30,19.15,20,20.02,18.95,528788768,10388792463,0.048767698,0.037340725,3.527336861
2020/12/31,20.31,21.43,21.97,20.29,741423901,15738930693,0.0715,0.03720257,3.779541446
2021/1/4,21.92,22.26,22.64,21.21,687698604,15125983430,0.038730751,0.018315414,3.925925926
2021/1/5,21.9,22.42,22.81,21.63,628427717,13983518040,0.007187781,0.005447625,3.954144621
2021/1/6,22.57,22.88,23.45,22.46,499388094,11454701000,0.020517395,0.035197103,4.035273369
2021/1/7,22.82,23.98,23.99,22.6,549786881,12747734153,0.048076923,0.03465558,4.229276896
2021/1/8,24.02,23.43,24.16,23.12,517141858,12116120217,-0.02293578,0.012977648,4.132275132
2021/1/11,23.69,22.83,23.73,22.53,471664914,10932426116,-0.025608195,0.014949907,4.026455026
2021/1/12,22.86,26.39,26.39,22.86,792231305,19342698968,0.155935173,0.029706231,4.654320988
2021/1/13,26.06,26.86,27.26,25.78,703310952,18642289747,0.017809776,-0.005387353,4.737213404
2021/1/14,26.33,25.24,26.33,25.14,542853458,13920522564,-0.060312733,-0.006683683,4.451499118
2021/1/15,25.23,24.91,25.91,24.19,496641892,12467660874,-0.013074485,0.017275349,4.39329806
2021/1/18,24.81,26.11,26.87,24.77,484307484,12626685267,0.048173424,0.01821325,4.604938272
2021/1/19,26.06,25.6,26.71,25.35,428431193,11144092564,-0.019532746,0.009607977,4.514991182
2021/1/20,26.13,25.89,26.77,25.67,398912923,10436055608,0.011328125,-0.001335511,4.566137566
2021/1/21,26.04,27.43,28.03,25.98,560534307,15192542165,0.059482426,-0.00044033,4.837742504
2021/1/22,27.15,27.2,27.48,26.58,453309518,12255711990,-0.00838498,-0.017704376,4.797178131
2021/1/25,27.65,27.34,28.04,26.82,494110385,13560708465,0.005147059,-0.021542968,4.821869489
2021/1/26,26.96,25.31,26.96,25.3,598181673,15547833708,-0.074250183,-0.018708836,4.463844797
2021/1/27,25.65,25.71,26.13,25.35,371730483,9575032065,0.01580403,0.001544426,4.534391534
2021/1/28,25.31,25.02,25.77,24.99,398251835,10038995660,-0.026837806,-0.00978285,4.412698413
2021/1/29,25.36,24.33,25.66,23.29,572952991,14079698473,-0.027577938,-0.004169689,4.291005291
2021/2/1,24.66,24.8,25.42,24.47,354657054,8870254383,0.019317715,0.001264132,4.373897707
2021/2/2,25.01,25.47,25.54,24.58,361176497,9065680643,0.027016129,1.82E-05,4.492063492
2021/2/3,25.24,24.43,25.36,24.25,382279344,9430679332,-0.040832352,0.007614546,4.308641975
2021/2/4,24.1,24.46,24.83,23.78,316776409,7692778559,0.001227998,0.017448947,4.313932981
2021/2/5,24.74,24.45,25.15,24.3,276998382,6840123217,-0.000408831,0.012692069,4.312169312
2021/2/8,24.63,24.77,25.06,23.72,304567265,7459695297,0.013087935,0.008543066,4.368606702
2021/2/9,24.78,26.38,26.53,24.55,507469195,13070789256,0.064997981,-0.011363322,4.652557319
2021/2/10,26.47,26.6,26.75,26,355223013,9395036231,0.008339651,-0.024879048,4.691358025
2021/2/18,27.58,26,27.77,25.93,440064821,11767181294,-0.022556391,-0.03189411,4.585537919
2021/2/19,25.57,25.45,25.91,24.78,401026876,10138901391,-0.021153846,-0.03340853,4.488536155
2021/2/22,25.45,23.25,25.45,23.18,646116597,15597925379,-0.086444008,-0.037309328,4.100529101
2021/2/23,23.2,23.19,23.72,22.92,318121330,7422011200,-0.002580645,-0.013734812,4.08994709
2021/2/24,23.19,22.57,23.38,22.32,384464653,8765835002,-0.026735662,-0.017096799,3.980599647
2021/2/25,22.81,21.89,22.88,21.84,367859787,8215259010,-0.030128489,-0.004781682,3.860670194
2021/2/26,21.08,21,21.58,20.95,385740292,8164585003,-0.040657835,-0.009311034,3.703703704
2021/3/1,21.28,21.66,21.74,21.14,311586488,6700272578,0.031428571,0.002566931,3.82010582
2021/3/2,21.72,21.24,21.89,21.01,288818567,6184698490,-0.019390582,-0.015977152,3.746031746
2021/3/3,21.36,21.98,22,21.2,300061657,6527354870,0.034839925,-0.020938815,3.87654321
2021/3/4,21.63,20.82,21.63,20.63,422147940,8868641040,-0.05277525,-0.025909953,3.671957672
2021/3/5,20.38,21.21,21.55,20.31,395249585,8311812028,0.018731988,-0.009631698,3.740740741
2021/3/8,21.36,19.91,21.52,19.91,430629376,8893107499,-0.061291843,-0.01651416,3.511463845
2021/3/9,19.82,19.03,20.09,18.97,474385853,9214574090,-0.044198895,-0.010113962,3.356261023
2021/3/10,19.51,19.22,19.65,19.19,282481672,5478862760,0.009984235,-0.002121192,3.389770723
2021/3/11,19.33,19.77,20.1,19.22,314235258,6198074004,0.028616025,-0.002948449,3.486772487
2021/3/12,19.84,19.46,19.97,19.3,297715081,5817898494,-0.015680324,-0.002329159,3.432098765
2021/3/15,19.35,18.89,19.35,18.7,261591961,4957024106,-0.029290853,-0.00687752,3.331569665
2021/3/16,19.2,18.81,19.2,18.53,224188620,4221637355,-0.004235045,0.002283793,3.317460317
2021/3/17,18.73,18.92,19.14,18.58,222129771,4199519559,0.005847953,-0.000118673,3.33686067
2021/3/18,19.03,19.52,19.8,18.95,375651840,7317074693,0.031712474,-0.001927582,3.442680776
2021/3/19,19.13,18.77,19.18,18.63,278082091,5252460030,-0.038422131,-0.007094235,3.310405644
2021/3/22,18.93,19.08,19.42,18.72,266006883,5068311132,0.016515717,0.006966387,3.365079365
2021/3/23,19.08,18.77,19.2,18.47,278254302,5228697785,-0.016247379,0.001294551,3.310405644
2021/3/24,18.6,18.71,19.24,18.57,296517055,5585613320,-0.00319659,0.0058989,3.299823633
2021/3/25,18.49,18.82,19.02,18.28,245366210,4575929097,0.005879209,0.001569273,3.319223986
2021/3/26,18.97,19.42,19.62,18.95,385836375,7451584715,0.031880978,0.007293644,3.425044092
2021/3/29,19.42,19.19,19.75,19.15,261320283,5074691111,-0.01184346,0.005637818,3.384479718
2021/3/30,19.11,19.32,19.46,18.94,198515379,3820331925,0.006774362,0.006302249,3.407407407
2021/3/31,19.25,18.84,19.26,18.71,200646153,3786126889,-0.02484472,-0.000209347,3.322751323
2021/4/1,19.01,19.49,19.54,18.85,267532580,5146998482,0.034501062,0.006316421,3.437389771
2021/4/2,19.81,19.95,20.16,19.77,345249461,6880137122,0.023601847,-0.003570403,3.518518519
2021/4/6,20.12,19.78,20.29,19.56,219511689,4356207096,-0.008521303,-0.014249999,3.488536155
2021/4/7,19.49,19.27,19.55,19.15,228690219,4409977472,-0.02578362,-0.011144876,3.398589065
2021/4/8,19.15,19.42,19.65,19.02,205239701,3986746854,0.00778412,0.003963694,3.425044092
2021/4/9,19.35,19.13,19.47,19.04,155243829,2986260770,-0.014933059,0.003528175,3.373897707
2021/4/12,19.15,18.56,19.37,18.48,232277075,4388464303,-0.029796132,0.006717523,3.273368607
2021/4/13,18.62,18.69,18.95,18.56,187560062,3517194614,0.00700431,0.023512193,3.296296296
2021/4/14,18.81,19.62,19.64,18.77,297690236,5767757113,0.04975923,0.019805855,3.46031746
2021/4/15,19.36,19.73,19.73,19.33,199813983,3898653300,0.005606524,0.010923008,3.479717813
2021/4/16,19.77,19.75,19.92,19.39,202442677,3982003802,0.001013685,0.013668306,3.48324515
2021/4/19,19.6,20.82,20.91,19.44,416291818,8482150139,0.054177215,0.020483113,3.671957672
2021/4/20,20.58,20.58,20.98,20.54,270315964,5613619445,-0.011527378,0.006074605,3.62962963
2021/4/21,20.36,20.69,20.94,20.34,183663591,3802703604,0.005344995,0.0031562,3.649029982
2021/4/22,20.97,21.09,21.38,20.74,236305464,4979345292,0.019333011,0.012336243,3.71957672
2021/4/23,21.01,21.83,22.15,20.95,364733831,7932986814,0.035087719,0.0099275,3.850088183
2021/4/26,22.12,21.44,22.26,21.32,371468412,8114130229,-0.017865323,0.004447721,3.781305115
2021/4/27,20.81,20.88,21.36,20.29,442635936,9181857445,-0.026119403,0.002185957,3.682539683
2021/4/28,20.74,21.95,22.17,20.71,335303881,7278688421,0.051245211,0.00038256,3.871252205
2021/4/29,21.9,22.11,22.64,21.84,327199783,7277421468,0.007289294,-0.011208121,3.899470899
2021/4/30,22.05,22.28,22.6,21.97,249973225,5583293691,0.007688829,-0.008227967,3.929453263
2021/5/6,22.2,21.63,22.33,21.28,282376803,6145861577,-0.029174147,-0.011087111,3.814814815
2021/5/7,21.83,20.87,21.88,20.74,233606720,4956421411,-0.035136385,-0.004967245,3.680776014
2021/5/10,20.84,20.73,20.94,20.4,199108502,4108786498,-0.006708194,0.02767673,3.656084656
2021/5/11,20.54,21.19,21.42,20.32,247938915,5172819539,0.022190063,0.028513743,3.737213404
2021/5/12,20.87,21.05,21.1,20.74,164223433,3439101614,-0.00660689,0.024581632,3.712522046
2021/5/13,20.74,21.08,21.39,20.68,164935049,3466521449,0.001425178,0.030612851,3.717813051
2021/5/14,21.36,23.78,24.12,21.33,655935154,14990641639,0.128083491,0.033203739,4.194003527
2021/5/17,23.43,23.72,24.02,23.36,457694941,10872204642,-0.002523129,0.000701662,4.183421517
2021/5/18,23.71,23.78,24.55,23.64,315708919,7574287903,0.002529511,0.006155953,4.194003527
2021/5/19,23.66,24.34,24.95,23.64,332351687,8110703058,0.023549201,0.020549764,4.292768959
2021/5/20,24.47,24.69,25.21,24.33,333048246,8232709774,0.014379622,0.013935162,4.354497354
2021/5/21,24.74,23.84,24.74,23.76,329503907,7930721726,-0.034426893,0.011828468,4.204585538
2021/5/24,24.47,24.43,24.94,24.26,331767384,8155786351,0.024748322,0.018024192,4.308641975
2021/5/25,24.47,26.25,26.47,24.43,532558261,13744301626,0.074498567,0.016227161,4.62962963
2021/5/26,26.47,26,26.62,25.83,350716000,9162085748,-0.00952381,-0.001473461,4.585537919
2021/5/27,26.02,26.1,26.42,25.39,278146204,7196577117,0.003846154,-0.004175225,4.603174603
2021/5/28,26,26.01,26.92,25.63,335153913,8776555854,-0.003448276,-0.003451332,4.587301587
2021/5/31,25.79,26.42,26.42,25.44,280259079,7280031144,0.015763168,-0.001747636,4.659611993
2021/6/1,26.17,26.05,26.32,25.55,256619556,6656828859,-0.014004542,-0.003736126,4.594356261
2021/6/2,26.1,25.45,26.3,25.28,253264479,6504536872,-0.02303263,-0.003018551,4.488536155
2021/6/3,25.55,25.64,26.53,25.55,320912616,8370516850,0.007465619,-0.00145296,4.522045855
2021/6/4,25.42,25.77,26.56,25.27,360507087,9319942883,0.005070203,0.002833805,4.544973545
2021/6/7,25.75,25.92,26.25,25.34,270039379,6960569437,0.005820722,0.002358433,4.571428571
2021/6/8,25.75,25.65,26.29,25.52,257427697,6658598528,-0.010416667,-0.002105788,4.523809524
2021/6/9,25.58,25.26,25.84,24.86,257302238,6489014915,-0.015204678,-0.013132092,4.455026455
2021/6/10,25.33,25.99,26.58,25.32,381337933,9945309820,0.028899446,-0.004245645,4.58377425
2021/6/11,26.18,26.06,26.41,25.85,305741782,8004480893,0.002693344,-0.006212146,4.596119929
2021/6/15,26.06,25.63,26.19,25.26,230005480,5909617968,-0.016500384,-0.004203044,4.520282187
2021/6/16,25.51,23.95,25.8,23.93,461117526,11301932419,-0.065548186,-0.001217433,4.223985891
2021/6/17,23.99,24.65,24.89,23.99,284001479,6969828439,0.029227557,0.014411889,4.347442681
2021/6/18,24.84,25.12,25.49,24.63,256652081,6432728981,0.019066937,0.005611479,4.430335097
2021/6/21,25.4,25.44,25.82,25.24,243722014,6209608303,0.012738854,0.016241659,4.486772487
2021/6/22,25.57,25.4,25.66,25.01,176056984,4457085071,-0.001572327,0.014135552,4.479717813
2021/6/23,25.47,25.72,25.95,25.18,238346443,6105335909,0.012598425,0.008206903,4.536155203
2021/6/24,25.75,25.34,25.9,25.26,198394243,5066775684,-0.014774495,0.012207309,4.469135802
2021/6/25,25.5,27.17,27.58,25.27,586433732,15690406400,0.072217837,0.005250314,4.791887125
2021/6/28,27.25,27.23,27.34,26.74,318928903,8644174047,0.002208318,-0.018463242,4.802469136
2021/6/29,27.21,26.38,27.21,26.22,291403806,7755650991,-0.031215571,-0.01825687,4.652557319
2021/6/30,26.54,27.24,27.49,26.4,310834306,8390390764,0.032600455,-0.010479642,4.804232804
2021/7/1,28.04,25.89,28.15,25.86,425130499,11308032999,-0.049559471,-0.014115118,4.566137566
2021/7/2,25.77,24.69,25.77,24.49,395172015,9862151993,-0.046349942,0.000536113,4.354497354
2021/7/5,24.61,24.77,24.91,24.27,234812236,5781201045,0.003240178,0.011657953,4.368606702
2021/7/6,24.78,24.96,25.01,24.27,256415050,6304140931,0.007670569,0.020566493,4.402116402
2021/7/7,24.51,25.32,25.56,24.49,275586948,6937476784,0.014423077,0.014946279,4.465608466
2021/7/8,25.59,25.92,26.68,25.59,409218011,10718413947,0.023696682,0.011018833,4.571428571
2021/7/9,25.67,26.16,26.33,25.46,252321846,6551323449,0.009259259,0.012120005,4.613756614
2021/7/12,26.71,27.41,27.91,26.18,542699698,14746692195,0.047782875,0.006703221,4.834215168
2021/7/13,27.17,26.85,27.46,26.65,260893994,7048765083,-0.0204305,-0.002334836,4.735449735
2021/7/14,26.71,26.71,27.29,26.48,234085702,6277458625,-0.005214153,0.001012439,4.710758377
2021/7/15,26.58,27.49,27.73,26.48,316433837,8607060137,0.029202546,0.012659645,4.848324515
2021/7/16,27.69,27,27.81,26.83,284796940,7792452130,-0.017824664,0.012100826,4.761904762
2021/7/19,26.78,27.07,27.24,26.63,181921881,4907660966,0.002592593,0.010176908,4.774250441
2021/7/20,26.77,26.97,27.34,26.69,145029632,3910198418,-0.003694126,0.002039342,4.756613757
2021/7/21,27.23,28.4,28.89,27.12,446209215,12632447190,0.053021876,-0.008442955,5.008818342
2021/7/22,28.57,29.15,29.24,28.2,368473205,10575909622,0.026408451,-0.022233034,5.141093474
2021/7/23,29.16,28.35,29.98,28.16,445894074,12866486741,-0.027444254,-0.017013342,5
2021/7/26,28.57,27.27,28.64,27,417606619,11624124634,-0.038095238,-0.017976104,4.80952381
2021/7/27,27.83,25.74,27.92,25.51,392677026,10459263341,-0.056105611,0.002356122,4.53968254
2021/7/28,25.55,25.33,25.99,24.41,358298380,9062176966,-0.015928516,0.014816311,4.467372134
2021/7/29,26.17,26.66,26.96,25.94,395831732,10483475121,0.052506909,0.020030265,4.701940035
2021/7/30,26.34,25.8,26.53,25.6,261415901,6792002510,-0.032258065,0.004294032,4.55026455
2021/8/2,25.84,27.44,28.13,25.5,435831791,11814638128,0.063565891,0.012218399,4.839506173
2021/8/3,27.33,27.61,28.45,27.21,360107991,9979498042,0.006195335,0.001478905,4.869488536
2021/8/4,27.5,27.89,28.15,27.17,267052312,7391674522,0.010141253,0.002918086,4.918871252
2021/8/5,27.91,27.16,27.91,26.9,245745987,6722483079,-0.026174256,-0.003538736,4.790123457
2021/8/6,27.13,27.36,27.84,27.13,198259024,5442663827,0.00736377,-0.003782336,4.825396825
2021/8/9,27.16,27.63,28.06,27.07,269894817,7485471846,0.009868421,-0.004579161,4.873015873
2021/8/10,27.42,28,28.01,27,303793643,8355003336,0.013391241,-0.006403145,4.938271605
2021/8/11,28.04,27.38,28.23,27.26,234905182,6490577131,-0.022142857,-0.016560824,4.828924162
2021/8/12,27.25,26.63,27.42,26.5,231444716,6216985402,-0.027392257,0.002242261,4.69664903
2021/8/13,26.42,26.72,27.13,26.34,153107393,4096214870,0.003379647,0.00090665,4.712522046
2021/8/16,26.73,26.74,27.42,26.64,213100619,5761578676,0.000748503,-0.003971906,4.716049383
2021/8/17,26.57,25.74,27.4,25.68,344228504,9135221154,-0.037397158,-0.00335503,4.53968254
2021/8/18,25.99,27.59,28.08,25.6,548791835,14895125959,0.071872572,0.008248113,4.865961199
2021/8/19,27.59,26.65,27.75,26.41,389890729,10500138442,-0.034070315,-0.010091983,4.700176367
2021/8/20,26.53,26.09,27.04,25.71,305838581,8016798691,-0.021013133,-0.00678937,4.601410935
2021/8/23,26.18,26.19,26.55,25.85,199118501,5215925263,0.003832886,-0.002509043,4.619047619
2021/8/24,26.19,26.73,27.32,25.89,317120129,8436301946,0.020618557,-0.006382417,4.714285714
2021/8/25,26.58,26.2,26.59,25.94,206183556,5400899874,-0.019827909,-0.007665891,4.620811287
2021/8/26,26.13,25.74,26.46,25.72,214554442,5586070370,-0.017557252,0.001433879,4.53968254
2021/8/27,25.63,25.75,26.07,25.51,161406829,4147719055,0.0003885,0.00494533,4.541446208
2021/8/30,25.93,25.35,25.99,24.86,273035610,6924552440,-0.015533981,0.001985567,4.470899471
2021/8/31,25.17,25.71,25.96,24.92,292976988,7454173063,0.014201183,0.016019642,4.534391534
2021/9/1,25.57,26.37,27.17,25.22,451005139,11864778025,0.025670945,0.020476013,4.650793651
2021/9/2,26.17,26.37,26.83,26.05,261883843,6929157114,0,0.021748019,4.650793651
2021/9/3,27.29,25.99,27.45,25.98,353864057,9456704255,-0.014410315,0.02154338,4.58377425
2021/9/6,25.69,27.41,27.83,25.6,559264990,15167683286,0.054636399,0.025517966,4.834215168
2021/9/7,27.22,28.41,28.9,27.08,511188880,14305488306,0.036483035,0.018597478,5.010582011
2021/9/8,28.33,29.32,30.53,28.25,497810643,14751269053,0.032030975,0.007106463,5.171075838
2021/9/9,29.24,29.29,29.64,28.74,239279018,6960754392,-0.001023192,0.000156236,5.165784832
2021/9/10,29.37,29.45,30.31,29.28,315273050,9375202967,0.005462615,-0.006594462,5.194003527
2021/9/13,29.58,30.04,30.57,29.55,304539574,9180542329,0.020033956,-0.004013371,5.298059965
2021/9/14,30.22,29.41,30.44,29.08,310777240,9226401635,-0.020972037,-0.010031956,5.186948854
2021/9/15,29.74,29.33,29.74,28.83,205466688,6015254911,-0.002720163,-0.005977702,5.172839506
2021/9/16,29.46,28.31,29.5,27.87,264294883,7539060291,-0.034776679,-0.005573922,4.992945326
2021/9/17,28.31,28.83,29.04,28.07,168452456,4817136462,0.018368068,-0.006548411,5.084656085
2021/9/22,28.25,28.54,28.9,28.13,127371924,3633792921,-0.010058966,-0.001964809,5.0335097
2021/9/23,29,28.52,29.49,28.31,208262969,6011406108,-0.000700771,-0.003602138,5.029982363
2021/9/24,28.4,28.5,29.1,28.33,148300008,4259116837,-0.000701262,0.000612355,5.026455026
2021/9/27,28.62,27.37,29.14,27.21,332097123,9399763515,-0.039649123,0.002083606,4.827160494
2021/9/28,27.63,28.5,28.89,27.41,267462337,7593810090,0.04128608,0.008969589,5.026455026
2021/9/29,28.39,27.98,28.4,27.58,176603245,4938509374,-0.018245614,-0.008801443,4.934744268
2021/9/30,28.2,28.55,28.79,27.76,167671633,4769293586,0.020371694,-0.002581626,5.035273369
2021/10/8,28.95,28.74,29.4,28.33,181733996,5238745214,0.006654991,-0.007236096,5.068783069
2021/10/11,28.72,28.59,29.29,28.5,143510870,4135790428,-0.005219207,-0.003912548,5.042328042
2021/10/12,28.25,27.23,28.28,26.71,290534323,7958084468,-0.04756908,-0.004432318,4.802469136
2021/10/13,27.11,27.58,27.78,26.78,138224711,3787544703,0.01285347,0.004007,4.864197531
2021/10/14,27.57,27.5,27.71,27.26,97208146,2675419496,-0.002900653,0.001652366,4.850088183
2021/10/15,27,28.14,28.29,26.93,178142913,4962501320,0.023272727,0.002879979,4.962962963
2021/10/18,28.25,27.92,28.46,27.62,191550646,5363007378,-0.007818053,-0.003782455,4.924162257
2021/10/19,27.91,27.77,28.33,27.61,162978722,4543412559,-0.005372493,0.00205497,4.897707231
2021/10/20,27.91,27.8,28.29,27.69,133216793,3725090053,0.001080302,0.002916702,4.902998236
2021/10/21,27.81,27.89,28.08,27.34,151835461,4214339062,0.00323741,-0.00326315,4.918871252
2021/10/22,27.97,27.61,28.04,27.59,116349534,3228460142,-0.010039441,-0.007569614,4.869488536
2021/10/25,27.63,28.2,28.33,27.38,192482215,5365640519,0.021369069,-0.001834555,4.973544974
2021/10/26,28.06,28.17,28.45,28,159295609,4500464397,-0.00106383,-0.007864681,4.968253968
2021/10/27,28.08,27.33,28.16,27.08,220477553,6042436462,-0.029818956,-0.011417142,4.82010582
2021/10/28,27.17,26.83,27.44,26.72,167462224,4529296115,-0.018294914,-0.002594058,4.731922399
2021/10/29,26.75,27.33,27.5,26.68,159114303,4327865281,0.018635855,0.001806765,4.82010582
2021/11/1,27.09,27.09,27.42,27,124323593,3380312093,-0.008781559,-0.000959579,4.777777778
2021/11/2,27.04,26.58,27.16,26.04,201431287,5354927576,-0.018826135,0.004401,4.687830688
2021/11/3,26.75,26.96,27.19,26.64,134527760,3627409606,0.014296464,0.009177787,4.754850088
2021/11/4,27.21,27.06,27.56,26.98,128837800,3512858015,0.003709199,0.007109293,4.772486772
2021/11/5,26.93,27.19,27.41,26.87,116656816,3171854514,0.004804139,0.016678946,4.795414462
2021/11/8,27.23,27.68,28.03,27.2,189574583,5236057346,0.018021331,0.016126698,4.881834215
2021/11/9,27.71,27.82,27.89,27.45,124261164,3441032307,0.005057803,0.011978769,4.906525573
2021/11/10,27.66,27.93,28.01,27.5,132079877,3665704434,0.00395399,0.007900769,4.925925926
2021/11/11,28,29.37,29.53,27.99,382773983,11121095978,0.051557465,0.009186095,5.17989418
2021/11/12,29.25,29.43,29.82,29.22,186207858,5482682369,0.002042901,-0.003728137,5.19047619
2021/11/15,29.43,29.35,29.87,29.23,149324130,4404462954,-0.002718315,-0.001083282,5.176366843
2021/11/16,29.38,28.9,29.59,28.81,158751266,4628723818,-0.015332198,0.003083074,5.097001764
2021/11/17,29.26,29.2,29.53,29.01,107231940,3138608298,0.010380623,0.0052096,5.149911817
2021/11/18,29.16,28.82,29.27,28.61,101050520,2915078078,-0.013013699,0.000907506,5.082892416
2021/11/19,28.74,29.26,29.64,28.65,171926738,5026252388,0.015267176,0.001259223,5.160493827
2021/11/22,29.33,29.79,29.99,29.2,202096316,6003995457,0.018113465,-0.002760063,5.253968254
2021/11/23,29.77,29.65,30.21,29.58,164072373,4899215686,-0.004699564,-0.005897487,5.229276896
2021/11/24,29.6,29.32,29.85,29.22,129597231,3819714534,-0.011129848,-0.005925763,5.171075838
2021/11/25,29.41,28.99,29.48,28.89,107813194,3132881054,-0.011255116,-0.003143851,5.11287478
2021/11/26,28.91,28.85,29.09,28.6,106308243,3064142626,-0.004829251,0.000423873,5.088183422
2021/11/29,28.59,28.92,28.95,28.55,120497009,3467688296,0.002426343,0.000838949,5.100529101
2021/11/30,29.04,28.78,29.38,28.59,110575292,3200010475,-0.004840941,0.002769973,5.075837743
2021/12/1,28.74,28.86,29.07,28.45,110996700,3195351851,0.002779708,0.004624928,5.08994709
2021/12/2,28.75,29.05,29.13,28.67,111373026,3224012746,0.006583507,0.007939954,5.12345679
2021/12/3,29.13,28.97,29.2,28.25,160225949,4608107234,-0.002753873,0.012685878,5.109347443
2021/12/6,28.93,29.32,30.41,28.92,318686317,9491918043,0.012081464,0.011490774,5.171075838
2021/12/7,29.82,29.45,29.87,29.12,164522837,4845872478,0.004433834,0.015728102,5.194003527
2021/12/8,29.78,30.02,30.14,29.43,167792147,5008942757,0.019354839,0.015788305,5.294532628
2021/12/9,30.08,30.93,31.57,29.85,318553004,9787190187,0.030313125,0.013802351,5.455026455
2021/12/10,30.7,30.66,30.86,30.46,181793182,5575280103,-0.008729389,0.00829995,5.407407407
2021/12/13,31.42,31.68,32.69,31.23,317998290,10145922325,0.033268102,0.005638628,5.587301587
2021/12/14,31.68,31.83,32.21,31.55,153691729,4891941761,0.004734848,-0.00291915,5.613756614
2021/12/15,31.83,32.13,32.65,31.74,165633873,5342902586,0.009425071,-0.003225299,5.666666667
2021/12/16,32.4,32.22,32.48,31.71,117619021,3764760501,0.00280112,-0.00689888,5.682539683
2021/12/17,32.12,31.51,32.43,31.51,178360053,5691201812,-0.022036002,-0.006814566,5.557319224
2021/12/20,31.56,31.21,32.12,31.07,182036332,5735345447,-0.009520787,-0.003242573,5.504409171
2021/12/21,31.21,31.31,31.44,30.69,128414854,3997403657,0.003204101,-0.003209383,5.522045855
2021/12/22,31.15,31.03,31.4,30.96,80623289,2511856006,-0.00894283,-7.29E-05,5.472663139
2021/12/23,31.08,31.13,31.24,30.71,97945373,3037282973,0.003222688,-0.005443203,5.490299824
2021/12/24,31.13,31,31.68,30.89,91833106,2863630964,-0.004176036,-0.002110279,5.467372134
2021/12/27,31.38,30.71,31.38,30.58,94908357,2926129871,-0.009354839,-0.000885082,5.41622575
2021/12/28,30.89,31.29,31.29,30.71,118756745,3682029527,0.018886356,-0.005760789,5.518518519
2021/12/29,31.26,30.17,31.27,30.12,153390629,4689823140,-0.035794183,-0.013969078,5.320987654
2021/12/30,30.16,30.77,31.07,29.83,159794714,4893113060,0.019887305,-0.013126753,5.42680776
2021/12/31,30.97,30.83,31.02,30.59,95548190,2944372612,0.001949951,-0.018309461,5.437389771
2022/1/4,30.95,29.79,30.97,29.7,167151588,5017007141,-0.033733377,-0.019983331,5.253968254
2022/1/5,29.87,29.13,30.07,28.77,230778028,6737490923,-0.022155086,-0.014026318,5.137566138
2022/1/6,28.84,28.21,28.85,28.15,240578626,6822774010,-0.031582561,-0.008081788,4.975308642
2022/1/7,28.4,28.04,28.45,27.98,146339703,4126480771,-0.006026232,-0.008489167,4.945326279
2022/1/10,27.84,27.86,28.19,27.71,131004630,3658586552,-0.006419401,-0.009134402,4.913580247
2022/1/11,27.74,27.75,28.03,27.66,107546851,2992163308,-0.003948313,-0.003666734,4.894179894
2022/1/12,27.91,27.96,28.08,27.5,146098011,4065787922,0.007567568,-0.001779376,4.931216931
2022/1/13,28,27.02,28.14,27,193889126,5307426791,-0.033619456,-0.002856209,4.765432099
2022/1/14,26.66,26.77,27.17,26.59,150633193,4041624623,-0.009252406,0.007353522,4.721340388
2022/1/17,26.79,27.33,27.54,26.78,147503069,4021361416,0.020918939,0.006277522,4.82010582
2022/1/18,27.39,27.48,27.78,27.17,136430470,3754671832,0.005488474,-0.001817892,4.846560847
2022/1/19,27.96,27.54,28.2,27.24,178563244,4954421324,0.002183406,-0.008235129,4.857142857
2022/1/20,27.42,28.02,28.25,27.12,206445452,5757703709,0.017429194,-0.002599704,4.941798942
2022/1/21,27.94,27.61,28.05,27.4,123473941,3410195006,-0.014632405,-0.01138941,4.869488536
2022/1/24,27.39,27.07,27.76,26.95,129774395,3541267576,-0.019558131,-0.01133845,4.774250441
2022/1/25,26.67,26.35,27.01,26.3,169023787,4512514670,-0.02659771,-0.001898992,4.647266314
2022/1/26,26.74,27.15,27.15,26.31,161994381,4335120875,0.030360531,0.002822866,4.788359788
2022/1/27,26.92,26.43,27.24,26.4,140033811,3742215129,-0.026519337,0.000122809,4.661375661
2022/1/28,26.85,26.05,26.91,26.04,133860071,3549318806,-0.014377601,0.00218423,4.594356261
2022/2/7,26.76,26.77,27.02,26.5,147980570,3956834565,0.027639155,0.002512934,4.721340388
2022/2/8,26.77,26.69,26.89,25.95,152161863,4020979847,-0.00298842,-0.02972203,4.707231041
2022/2/9,26.73,27.14,27.2,26.52,143568991,3864376829,0.016860247,-0.030087568,4.78659612
2022/2/10,27.22,26.7,27.32,26.46,157994327,4228847725,-0.016212233,-0.032667713,4.708994709
2022/2/11,26.61,26.36,26.97,26.27,147411250,3923987495,-0.012734082,-0.028987054,4.649029982
2022/2/14,26,22.84,26.19,22.35,660678614,15640071074,-0.13353566,-0.029675917,4.028218695
2022/2/15,22.35,22.73,22.83,22.16,330966613,7454457638,-0.004816112,-0.009902119,4.008818342
2022/2/16,22.98,22.82,23.31,22.73,249736686,5750680824,0.003959525,-0.014832082,4.024691358
2022/2/17,22.61,22.87,23.14,22.54,170970452,3908726665,0.00219106,-0.007559471,4.0335097
2022/2/18,22.7,22.5,22.74,22.31,213267483,4787964899,-0.0161784,-0.010277665,3.968253968
2022/2/21,22.42,21.72,22.51,21.61,437331967,9575508736,-0.034666667,-0.00455121,3.830687831
2022/2/22,21.39,21.08,21.5,20.96,301199961,6391885477,-0.02946593,0.004751144,3.717813051
2022/2/23,21.33,21.93,21.97,21.08,322219790,6963672075,0.040322581,0.015957252,3.867724868
2022/2/24,21.61,21.68,22.12,21.31,281465939,6112098945,-0.011399909,0.005524315,3.823633157
2022/2/25,22.06,21.95,22.51,21.85,282917135,6255731838,0.012453875,0.00496364,3.871252205
2022/2/28,21.78,22.21,22.3,21.68,226867676,4991774801,0.011845103,-0.003020157,3.917107584
2022/3/1,22.35,22.8,22.89,22.21,328454324,7437723403,0.026564611,-0.014000288,4.021164021
2022/3/2,22.56,22.53,22.62,22.39,135221504,3041032902,-0.011842105,-0.019506727,3.973544974
2022/3/3,22.61,22.21,22.76,22.07,175154970,3914571816,-0.014203285,-0.021980921,3.917107584
2022/3/4,21.97,21.6,22.31,21.45,231196727,5035058560,-0.027465106,-0.016658875,3.80952381
2022/3/7,21.32,20.67,21.33,20.5,300231141,6249672840,-0.043055556,-0.010773697,3.645502646
2022/3/8,20.79,20.65,21.07,20.27,268355655,5575220233,-0.000967586,-0.011164543,3.641975309
2022/3/9,20.77,20.15,20.84,19.22,386975307,7731650865,-0.024213075,-0.016606271,3.553791887
2022/3/10,20.74,20.4,21.04,20.37,327366724,6775750858,0.012406948,0.00900598,3.597883598
2022/3/11,20,20.44,20.81,19.16,489027553,9729312093,0.001960784,0.011586672,3.604938272
2022/3/14,19.94,19.52,20.15,19.52,291078939,5770557091,-0.045009785,0.012312354,3.442680776
2022/3/15,19.11,18.97,19.95,18.94,404194793,7849895201,-0.02817623,0.014088744,3.345679012
2022/3/16,19.27,20.94,21.18,18.79,658007865,13223776925,0.103848181,0.020300636,3.693121693
2022/3/17,21.43,21.47,22,21.06,676151344,14569189168,0.025310411,0.000585144,3.78659612
2022/3/18,21.35,21.59,21.68,20.94,334731317,7141410593,0.005589194,-0.003714307,3.807760141
2022/3/21,21.51,20.81,21.51,20.69,347051816,7298276951,-0.036127837,-0.010720085,3.670194004
2022/3/22,20.69,20.87,21.23,20.53,213051818,4444791632,0.002883229,-0.004375144,3.680776014
2022/3/23,20.98,20.98,21.18,20.82,177228556,3719767109,0.005270724,-0.007408792,3.700176367
2022/3/24,20.84,21.06,21.32,20.6,221533769,4645317001,0.003813155,0.007158954,3.714285714
2022/3/25,21,20.44,21.13,20.43,210487398,4360035104,-0.029439696,0.000674126,3.604938272
2022/3/28,19.96,20.35,20.6,19.81,185507978,3751809213,-0.004403131,0.012452802,3.589065256
2022/3/29,20.42,20.1,20.59,20.03,124456701,2526553820,-0.012285012,0.012410493,3.544973545
2022/3/30,20.35,21.67,21.67,20.28,423708821,8966017806,0.078109453,0.011251362,3.821869489
2022/3/31,21.45,21.05,21.45,20.98,253852219,5379517714,-0.028610983,0.000256478,3.712522046
2022/4/1,20.94,21.67,21.92,20.89,335976316,7241237094,0.029453682,-0.004542784,3.821869489
2022/4/6,21.42,21.57,21.66,21.2,205161173,4398394141,-0.004614675,0.001646363,3.804232804
2022/4/7,21.42,21.18,21.97,21.18,232887911,5009230111,-0.018080668,0.000548168,3.735449735
2022/4/8,21.18,21.67,21.89,21.07,259979791,5601188116,0.023135033,0.010939243,3.821869489
2022/4/11,21.39,20.53,21.4,20.52,299893914,6236771322,-0.052607291,0.006940603,3.620811287
2022/4/12,20.49,21.77,21.99,20.48,370373035,7919707926,0.060399415,0.012450876,3.839506173
2022/4/13,21.43,21.55,22.1,21.32,282815377,6124451242,-0.01010565,-0.001831853,3.800705467
2022/4/14,21.89,22.28,22.6,21.7,359880185,8006079486,0.03387471,-0.008534621,3.929453263
2022/4/15,22.01,22.35,22.7,21.93,253251138,5657702093,0.003141831,-0.014533241,3.941798942
2022/4/18,21.85,21.79,22.06,21.32,229618106,4981604911,-0.025055928,-0.013614966,3.84303351
2022/4/19,21.68,21.55,22.07,21.48,169966610,3688816640,-0.011014227,-0.010330399,3.800705467
2022/4/20,21.59,20.61,21.75,20.48,273416491,5730628839,-0.04361949,-0.007353485,3.634920635
2022/4/21,20.35,20.69,21.25,20.32,240323468,4977874662,0.003881611,0.010045112,3.649029982
2022/4/22,20.52,20.85,21.26,20.46,205064988,4293211153,0.007733204,0.003726065,3.677248677
2022/4/25,20.1,20.67,21.21,19.85,337401543,6946926220,-0.008633094,0.018616478,3.645502646
2022/4/26,20.64,20.75,21.36,20.18,338601749,7042505558,0.003870343,0.017006837,3.659611993
2022/4/27,20.57,21.65,21.85,20.5,382727741,8158614317,0.043373494,0.008464911,3.818342152
2022/4/28,21.33,21.05,21.49,20.83,241865110,5116476356,-0.027713626,-0.000488468,3.712522046
2022/4/29,21.65,22.78,23.04,21.1,504452577,11242983622,0.082185273,0.00914728,4.017636684
2022/5/5,22.31,22.4,22.7,22.12,251956658,5643940691,-0.016681299,-0.00391694,3.950617284
2022/5/6,21.8,21.53,22.08,21.5,217916566,4736405503,-0.038839286,0.0009433,3.797178131
2022/5/9,21.22,21.5,21.85,21.21,133986069,2883168013,-0.001393405,0.009155997,3.791887125
2022/5/10,21.26,21.94,22.07,21.17,225388625,4905976331,0.020465116,0.007037874,3.869488536
2022/5/11,21.94,22.31,23.05,21.83,379493650,8534955394,0.016864175,0.005011338,3.934744268
2022/5/12,22.11,22.48,22.96,22.07,219496621,4926606519,0.007619901,-0.000317922,3.964726631
2022/5/13,22.72,22.53,22.79,22.22,152095983,3422648918,0.002224199,-0.002739972,3.973544974
2022/5/16,22.78,22.26,22.94,22.13,151800737,3402178928,-0.011984021,0.002949604,3.925925926
2022/5/17,22.26,22.49,22.58,22.08,138718655,3103592769,0.010332435,0.004733717,3.9664903
2022/5/18,22.64,22.27,22.7,22.15,169859928,3801531427,-0.009782125,-0.003478512,3.927689594
2022/5/19,21.9,22.17,22.24,21.81,153877544,3388303243,-0.004490346,1.78E-05,3.91005291
2022/5/20,22.36,22.85,23.07,22.36,335010714,7633951078,0.030672079,0.00271359,4.029982363
2022/5/23,22.73,22.78,22.92,22.42,173890443,3937355312,-0.003063457,-0.005915258,4.017636684
2022/5/24,22.7,22.08,22.86,22.02,204700878,4584733295,-0.030728709,-0.006475322,3.894179894
2022/5/25,22.17,22.25,22.25,21.89,138843800,3065441201,0.007699275,0.005115066,3.924162257
2022/5/26,22.23,22.45,22.75,21.86,196413410,4384151559,0.008988764,0.004458603,3.959435626
2022/5/27,22.62,22.17,22.75,22.05,163203486,3659172071,-0.01247216,0.003452407,3.91005291
2022/5/30,22.25,22.04,22.33,21.97,130575358,2885944281,-0.00586378,0.01575849,3.88712522
2022/5/31,22.03,22.64,22.79,21.89,273279959,6134379141,0.02722323,0.016179681,3.992945326
2022/6/1,22.62,22.74,23.04,22.45,214255348,4874274680,0.004416961,0.011489435,4.010582011
2022/6/2,22.55,22.83,22.94,22.36,174841264,3970047978,0.003957784,0.00977097,4.026455026
2022/6/6,22.91,23.95,24,22.61,397207041,9338085808,0.049058257,0.012249853,4.223985891
2022/6/7,23.73,23.86,24.44,23.72,322804513,7770414597,-0.003757829,-0.00218226,4.208112875
2022/6/8,24,23.95,24.25,23.38,262980351,6272250299,0.003772003,0.005832819,4.223985891
2022/6/9,24.05,23.85,24.57,23.78,304984791,7376848506,-0.004175365,0.011272388,4.206349206
2022/6/10,23.61,24.24,24.35,23.43,305190151,7288431188,0.016352201,0.003332757,4.275132275
2022/6/13,23.78,23.68,24.18,23.41,258391661,6144011186,-0.02310231,0.002046608,4.176366843
2022/6/14,23.3,24.54,24.96,22.61,439758069,10360968831,0.036317568,0.007322002,4.328042328
2022/6/15,24.65,25.3,26.6,24.58,789001880,20262833728,0.030969845,-0.00255269,4.462081129
2022/6/16,25.25,24.19,25.26,24.16,417937625,10304414541,-0.043873518,-0.011971132,4.266313933
2022/6/17,23.95,24.43,24.68,23.74,312409545,7558095475,0.009921455,0.005879202,4.308641975
2022/6/20,24.33,24.51,24.9,24.25,199802362,4902266247,0.003274662,0.006065329,4.322751323
2022/6/21,24.64,24.19,24.69,24,181342801,4407159726,-0.013055896,0.009068448,4.266313933
2022/6/22,24.27,23.8,24.44,23.8,179210263,4323039424,-0.016122365,0.013163422,4.197530864
2022/6/23,23.83,24.88,25.02,23.78,328372548,8065463483,0.045378151,0.009101074,4.388007055
2022/6/24,24.96,25.15,25.35,24.6,249695091,6247806089,0.01085209,0.004369772,4.435626102
2022/6/27,25.53,25.61,25.99,25.34,279591852,7184021325,0.018290258,0.000703291,4.51675485
2022/6/28,25.61,25.8,26.12,25.17,194455584,4969711312,0.007418977,0.000535917,4.55026455
2022/6/29,25.6,24.86,25.97,24.82,253596204,6449144713,-0.036434109,-0.004222732,4.384479718
2022/6/30,25.13,25.4,25.76,24.95,231730410,5888245456,0.021721641,-0.00137507,4.479717813
2022/7/1,25.44,25.21,25.74,25,149566443,3789807036,-0.007480315,-0.006205819,4.446208113
2022/7/4,25.21,25.65,25.65,24.71,197440640,4986067133,0.017453392,-0.012673998,4.523809524
2022/7/5,25.67,25.23,25.86,24.91,224458124,5667468899,-0.016374269,-0.019042374,4.44973545
2022/7/6,25.18,24.67,25.19,24.36,198474605,4923332661,-0.022195799,-0.017055627,4.350970018
2022/7/7,24.6,24.61,24.85,24.41,121448614,2995529922,-0.002432104,-0.013912924,4.340388007
2022/7/8,24.75,23.63,24.79,23.54,302368325,7274732692,-0.039821211,-0.015340378,4.167548501
2022/7/11,23.48,23.29,23.54,23.15,168279592,3921637820,-0.014388489,-0.010626026,4.107583774
2022/7/12,23.43,23.14,23.59,22.97,181832134,4231904372,-0.006440532,-0.000159043,4.081128748
2022/7/13,23.06,22.99,23.29,22.89,154827763,3573389172,-0.006482282,0.001559171,4.054673721
2022/7/14,22.88,22.77,23.12,22.71,147784259,3385923776,-0.009569378,0.002168932,4.015873016
2022/7/15,22.72,22.4,23.09,22.38,168150024,3820836074,-0.016249451,0.001843359,3.950617284
2022/7/18,22.8,23.25,23.5,22.8,210136302,4862057690,0.037946429,0.006312761,4.100529101
2022/7/19,23.2,23.3,23.45,23,133081236,3086958411,0.002150538,-0.006384749,4.109347443
2022/7/20,23.39,23.22,23.45,23.11,108183888,2519046846,-0.003433476,-0.005926363,4.095238095
2022/7/21,23.1,22.96,23.26,22.95,108657617,2506860122,-0.011197244,-0.006743427,4.049382716
2022/7/22,23.02,23.1,23.29,22.86,113047161,2610448685,0.006097561,-0.002008435,4.074074074
2022/7/25,23.1,22.51,23.11,22.42,139805732,3168753697,-0.025541126,-0.007365271,3.970017637
2022/7/26,22.61,22.61,22.81,22.37,88978225,2011560586,0.00444247,-0.006301989,3.987654321
2022/7/27,22.51,22.44,22.61,22.37,102512581,2303247029,-0.007518797,-0.012328098,3.957671958
2022/7/28,22.62,22.72,23.14,22.62,160864295,3680199526,0.012477718,-0.013084226,4.007054674
2022/7/29,22.75,22.25,22.85,22.21,129989957,2922502770,-0.02068662,-0.013389293,3.924162257
2022/8/1,22.2,21.8,22.2,21.52,191979441,4172701833,-0.020224719,-0.004070622,3.844797178
2022/8/2,21.5,21.24,21.72,20.93,201991017,4293046476,-0.025688073,-0.001035779,3.746031746
2022/8/3,21.24,21,21.6,20.96,169592746,3602472689,-0.011299435,0.003548074,3.703703704
2022/8/4,21.13,21.23,21.36,21.03,138185635,2927971735,0.010952381,0.003124019,3.744268078
2022/8/5,21.34,21.78,21.85,21.15,178954953,3849859676,0.025906736,0.016599584,3.841269841
2022/8/8,21.57,21.67,21.77,21.52,104837789,2271830014,-0.005050505,0.011070259,3.821869489
2022/8/9,21.68,21.61,21.79,21.53,103253276,2236063822,-0.002768805,0.011731776,3.811287478
2022/8/10,21.6,21.32,21.77,21.21,133939293,2871969795,-0.013419713,0.012110941,3.760141093
2022/8/11,21.55,22.99,23.05,21.46,454345839,10202826781,0.078330206,0.019076229,4.054673721
2022/8/12,22.7,22.95,23.09,22.53,219101180,5010440281,-0.001739887,0.000929435,4.047619048
2022/8/15,22.65,22.91,23.27,22.61,138122152,3170523260,-0.001742919,-0.000368321,4.040564374
2022/8/16,23,22.89,23.08,22.85,95778993,2197613437,-0.000872981,-0.002028471,4.037037037
2022/8/17,22.89,23.38,23.54,22.66,231151277,5375741009,0.021406728,-0.001236319,4.12345679
2022/8/18,23.21,23.09,23.37,23.09,118209333,2739441827,-0.012403764,-0.008332088,4.072310406
2022/8/19,23.12,22.9,23.3,22.89,107695761,2484891016,-0.00822867,-0.002372299,4.038800705
2022/8/22,22.85,22.67,22.98,22.6,125446355,2853035745,-0.010043668,-0.00440916,3.998236332
2022/8/23,22.65,22.74,23.18,22.51,142089739,3237872316,0.003087781,-0.004633566,4.010582011
2022/8/24,22.67,22.42,23.35,22.35,194377926,4433958299,-0.01407212,-0.006877139,3.954144621
2022/8/25,22.5,22.81,22.91,22.32,150468175,3400212200,0.017395183,-0.001876922,4.02292769
2022/8/26,22.79,22.39,22.79,22.28,132415531,2979573438,-0.018412977,-0.008238842,3.948853616
2022/8/29,22,22.14,22.25,21.91,102663954,2267168138,-0.011165699,-0.004373431,3.904761905
2022/8/30,22.16,21.96,22.28,21.68,135064101,2963046776,-0.008130081,-0.001957643,3.873015873
2022/8/31,21.8,22.2,22.58,21.77,166769419,3702007151,0.010928962,0.003774213,3.915343915
2022/9/1,22.05,21.88,22.22,21.83,93796593,2065786369,-0.014414414,-0.000199689,3.858906526
2022/9/2,22.05,21.9,22.15,21.64,89283814,1955624030,0.000914077,0.003134254,3.862433862
2022/9/5,21.74,21.92,21.95,21.65,72866908,1588472847,0.000913242,0.006911835,3.865961199
2022/9/6,22,22.37,22.42,21.96,141498978,3142910241,0.020529197,0.006817448,3.945326279
2022/9/7,22.23,22.17,22.32,22.08,86964639,1929681695,-0.008940545,6.49E-05,3.91005291
2022/9/8,22.3,22.22,22.49,22.21,104326197,2331557078,0.0022553,0.001674237,3.918871252
2022/9/9,22.28,22.66,22.9,22.2,186647570,4231375172,0.01980198,-0.020342819,3.996472663
2022/9/13,22.8,22.67,23.03,22.65,114080255,2600550246,0.000441306,-0.032327287,3.998236332
2022/9/14,22.34,22.37,22.56,22.2,105133275,2351757642,-0.013233348,-0.03084815,3.945326279
2022/9/15,22.55,22.35,22.85,22.14,139409909,3141890688,-0.000894055,-0.032245026,3.941798942
2022/9/16,22.2,19.94,22.35,19.25,688252937,13703653033,-0.107829978,-0.035664099,3.51675485
2022/9/19,19.51,19.14,19.57,19.07,280639847,5406627116,-0.040120361,-0.015714483,3.375661376
2022/9/20,19.24,19.29,19.53,19.05,178954551,3450981988,0.007836991,-0.010623599,3.402116402
2022/9/21,19.06,18.9,19.08,18.59,234038876,4403674911,-0.020217729,-0.008773136,3.333333333
2022/9/22,18.56,18.56,18.86,18.46,200226266,3730659940,-0.017989418,-0.011016853,3.273368607
2022/9/23,18.51,18.41,18.77,18.25,168112950,3114002372,-0.008081897,-0.008090486,3.24691358
2022/9/26,18.15,18.14,18.49,18.04,164391648,2998167052,-0.014665942,-0.00860774,3.199294533
2022/9/27,18.25,18.45,18.46,18.11,146116376,2673697027,0.017089305,-0.009306787,3.253968254
2022/9/28,18.28,17.87,18.44,17.85,182995852,3322934780,-0.031436314,-0.011684186,3.151675485
2022/9/29,18.08,17.81,18.17,17.74,155708567,2794930944,-0.003357583,0.000698534,3.141093474
2022/9/30,17.9,17.62,18.09,17.61,128150947,2284583197,-0.010668164,-0.000973699,3.107583774
2022/10/10,17.62,17.3,17.73,17.22,128796484,2248683848,-0.01816118,0.005903016,3.051146384
2022/10/11,17.41,17.39,17.7,17.18,131506530,2289545074,0.005202312,0.011300283,3.0670194
2022/10/12,17.33,17.92,17.93,17.18,171649445,3013785949,0.030477286,0.009056977,3.160493827
2022/10/13,17.65,17.71,17.94,17.61,125600431,2228515133,-0.01171875,-0.001878964,3.12345679
2022/10/14,17.95,18.13,18.45,17.86,236215014,4290409716,0.023715415,0.001366703,3.197530864
2022/10/17,17.99,18.29,18.38,17.91,145223908,2641279672,0.008825152,-0.00270298,3.225749559
2022/10/18,18.44,18.18,18.48,18.08,125558069,2289840900,-0.006014215,-0.013304699,3.206349206
2022/10/19,18.14,17.74,18.23,17.74,149176777,2676923163,-0.02420242,-0.030241119,3.128747795
2022/10/20,17.61,17.82,18.22,17.53,166369414,2966329231,0.004509583,-0.022697932,3.142857143
2022/10/21,18.3,17.88,18.38,17.83,187283123,3389163144,0.003367003,-0.019790325,3.153439153
2022/10/24,17.85,17.09,18.35,17.01,324299419,5739539792,-0.044183445,-0.028937246,3.014109347
2022/10/25,16.9,15.54,17,15.5,544645922,8637505966,-0.090696314,-0.01697759,2.740740741
2022/10/26,15.61,15.75,16.12,15.41,385298355,6071971227,0.013513514,0.00872093,2.777777778
2022/10/27,15.75,16.05,16.55,15.71,343585090,5543672058,0.019047619,0.006635511,2.830687831
2022/10/28,15.83,15.37,16.04,15.25,264898209,4153412089,-0.042367601,0.00110291,2.710758377
2022/10/31,15.26,15.61,15.85,15.22,195769221,3056346895,0.015614834,0.022984252,2.75308642
2022/11/1,15.61,16.2,16.2,15.5,333480054,5305091355,0.037796284,0.020675712,2.857142857
2022/11/2,16.03,16.25,16.52,15.92,316545971,5120412245,0.00308642,0.012189456,2.865961199
2022/11/3,16,16.11,16.24,15.97,165182367,2656811151,-0.008615385,0.009825956,2.841269841
2022/11/4,16.05,17.19,17.47,16.05,472507167,7984390915,0.067039106,0.012018792,3.031746032
2022/11/7,17.03,17.26,17.39,16.97,221853598,3817016672,0.004072135,0.009272951,3.044091711
2022/11/8,17.27,17.18,17.35,17.02,138817047,2382245638,-0.004634994,0.009682106,3.029982363
2022/11/9,17.15,17.03,17.3,17.01,139352997,2384751495,-0.008731083,0.021333262,3.003527337
2022/11/10,16.83,17.07,17.19,16.7,183172407,3110805769,0.002348796,0.01793782,3.010582011
2022/11/11,17.83,17.98,18.44,17.47,527641137,9472463466,0.0533099,0.017791163,3.171075838
2022/11/14,18.21,18.09,18.59,18,385574957,7052017455,0.006117909,0.002828107,3.19047619
2022/11/15,18.05,19.06,19.27,17.92,436249598,8198884159,0.053620785,-0.002791079,3.361552028
2022/11/16,18.95,18.57,19.11,18.5,293229289,5520088996,-0.02570829,-0.012054562,3.275132275
2022/11/17,18.45,18.6,18.6,18.2,191338789,3524553106,0.001615509,-0.007582173,3.28042328
2022/11/18,18.59,18.2,18.67,18.18,175609969,3224973674,-0.021505376,-0.008688711,3.209876543
2022/11/21,18,17.8,18.01,17.51,204994808,3634233040,-0.021978022,-0.003039321,3.139329806
2022/11/22,17.85,17.93,18.25,17.79,180904103,3254490553,0.007303371,-0.003777645,3.162257496
2022/11/23,17.86,17.87,18.14,17.73,118201449,2117524747,-0.003346347,0.008049195,3.151675485
2022/11/24,18.25,17.8,18.28,17.77,110246939,1979571162,-0.00391718,0.007429528,3.139329806
2022/11/25,17.76,17.92,18.21,17.74,132964482,2387880049,0.006741573,0.013942693,3.160493827
2022/11/28,17.4,17.46,17.5,17.13,188011046,3255909866,-0.025669643,0.011543407,3.079365079
2022/11/29,17.6,18.62,18.9,17.57,402830408,7400123095,0.066437572,0.026608661,3.283950617
2022/11/30,18.5,18.5,18.72,18.37,199514457,3700091021,-0.006444683,0.014327689,3.262786596
2022/12/1,19.05,19.03,19.75,19.03,365999169,7084272140,0.028648649,0.015015725,3.356261023
2022/12/2,19.04,18.93,19.28,18.7,185320607,3513897491,-0.005254861,0.010190063,3.338624339
2022/12/5,19.3,19.87,19.89,19.22,355604871,7001552801,0.04965663,0.017041035,3.504409171
2022/12/6,19.7,19.97,20.48,19.67,255297980,5133425251,0.005032713,-0.000664829,3.522045855
2022/12/7,19.9,19.91,20.29,19.63,181978045,3625013269,-0.003004507,-0.001368035,3.511463845
2022/12/8,19.98,20,20.08,19.8,149588642,2982248728,0.004520342,0.002463558,3.527336861
2022/12/9,20,20.58,20.74,19.83,280355480,5687304117,0.029,-0.002812095,3.62962963
2022/12/12,20.4,19.78,20.45,19.77,190292504,3810442446,-0.038872692,-0.009526264,3.488536155
2022/12/13,19.79,19.81,20.02,19.76,92432295,1836646493,0.001516684,-0.008384379,3.49382716
2022/12/14,19.9,20.13,20.25,19.8,128929017,2581439755,0.016153458,-0.011326238,3.55026455
2022/12/15,19.93,19.69,20.05,19.63,124540572,2459846759,-0.021857923,-0.012952652,3.472663139
2022/12/16,19.58,19.6,19.77,19.47,126552433,2480859811,-0.004570848,-0.007520059,3.456790123
2022/12/19,19.67,18.95,19.94,18.74,226936687,4350351067,-0.033163265,-0.005761562,3.342151675
2022/12/20,18.95,18.7,19.04,18.54,128291791,2405489916,-0.013192612,0.000871091,3.298059965
2022/12/21,18.75,18.85,19.09,18.72,108079816,2041718424,0.00802139,0.007923696,3.324514991
2022/12/22,19.05,18.95,19.34,18.8,125925799,2404252692,0.00530504,0.004982657,3.342151675
2022/12/23,18.76,19.03,19.25,18.71,96372504,1831048538,0.004221636,0.004439248,3.356261023
2022/12/26,19.08,19.03,19.14,18.67,108447219,2056572833,0,0.003904678,3.356261023
2022/12/27,19.26,19.45,19.57,19.03,175940827,3413069687,0.022070415,0.002564472,3.430335097
2022/12/28,19.32,19.32,19.55,19.25,108766137,2106647828,-0.006683805,-0.002312014,3.407407407
2022/12/29,19.17,19.37,19.44,18.92,105244554,2023490859,0.002587992,-0.000854751,3.41622575
2022/12/30,19.43,19.4,19.64,19.38,99614876,1942338791,0.001548787,-0.002576122,3.421516755
2023/1/3,19.19,19.27,19.34,18.4,225173858,4254332372,-0.006701031,-0.006701031,3.398589065
